"Abundance";"Amplitude";"Phenology";"Diff";"Persistence"
"1";0.821133177026463;1.24090833266458;0.603022689155527;2.66506419884657;11000
"2";1.1537733190906;1.32105105686413;0.738548945875996;3.21337332183072;11000
"3";0.776916520812068;1.34465328379902;0.852802865422442;2.97437267003353;11000
"4";1.20506973025034;1.45009630291634;0.674199862463242;3.32936589562992;11000
"5";1.01362628213111;1.38516046161816;0.797724035217466;3.19651077896674;11000
"6";1.01770348674726;1.26316685058194;0.797724035217466;3.07859437254666;11000
"7";1.01970025196454;1.38659216131751;0.797724035217466;3.20401644849952;11000
"8";0.970042571654188;1.31269252770759;0.797724035217466;3.08045913457925;11000
"9";0.839330550678537;1.14861991422888;0.674199862463242;2.66215032737066;11000
"10";1.13332938350114;1.34149335140077;0.797724035217466;3.27254677011938;11000
"11";0.773450408905591;1.33231209430023;0.852802865422442;2.95856536862826;11000
"12";0.858060129635785;1.57712443080203;0.738548945875996;3.17373350631381;11000
"13";1.20232116350163;1.44106621591046;0.738548945875996;3.38193632528809;11000
"14";1.01859635951796;1.26961664456113;0.738548945875996;3.02676194995509;11000
"15";0.796354902708299;1.38622218054459;0.797724035217466;2.98030111847035;11000
"16";1.16973494916204;1.42342830216371;0.852802865422442;3.44596611674819;11000
"17";0.972644200965728;1.36475872003234;0.904534033733291;3.24193695473136;11000
"18";0.929185553543374;1.24387446297733;0.797724035217466;2.97078405173817;11000
"19";0.795966422409227;1.34153737394632;0.852802865422442;2.99030666177799;11000
"20";1.12995722917525;1.35537198976437;0.738548945875996;3.22387816481562;11000
"21";1.12389869420945;1.45348044470132;0.738548945875996;3.31592808478676;11000
"22";0.920504683374203;1.27879504285844;0.852802865422442;3.05210259165508;11000
"23";0.820349290289427;1.3069534741409;0.738548945875996;2.86585171030632;11000
"24";0.748210775621064;1.24460688759429;0.797724035217466;2.79054169843282;11000
"25";0.994145758226486;1.26651967869685;0.852802865422442;3.11346830234578;11000
"26";1.47339234188179;1.59185294075857;0.674199862463242;3.7394451451036;11000
"27";0.944938359357285;1.24538936327978;0.852802865422442;3.0431305880595;11000
"28";1.0273426311833;1.40783332294009;0.738548945875996;3.17372489999939;11000
"29";1.30678798787475;1.49437816104766;0.797724035217466;3.59889018413988;11000
"30";1.10920997232624;1.26644894716068;0.738548945875996;3.11420786536292;11000
"31";0.995761915134388;1.29820349289235;0.603022689155527;2.89698809718227;11000
"32";0.900815453825249;1.36334244766724;0.738548945875996;3.00270684736849;11000
"33";0.85799813918484;1.24075540322045;0.852802865422442;2.95155640782774;11000
"34";1.03752439676279;1.28519093192189;0.797724035217466;3.12043936390214;11000
"35";1.11290693409894;1.37526008014466;0.603022689155527;3.09118970339913;11000
"36";0.790899906366647;1.33297753920111;0.738548945875996;2.86242639144376;11000
"37";0.963351654113935;1.31304560007205;0.904534033733291;3.18093128791927;11000
"38";1.07095457191494;1.52989348206509;0.904534033733291;3.50538208771332;11000
"39";0.697755292850467;1.47949125380969;0.674199862463242;2.8514464091234;11000
"40";1.12131540164174;1.41473592646946;0.738548945875996;3.2746002739872;11000
"41";0.921665527098908;1.2977884389862;0.904534033733291;3.1239879998184;11000
"42";1.04161929702528;1.44356369352164;0.797724035217466;3.28290702576439;11000
"43";0.732186644032589;1.23943753518068;0.904534033733291;2.87615821294656;11000
"44";1.20201260049542;1.48552938400777;0.738548945875996;3.42609093037919;11000
"45";0.826752159189942;1.26675554467014;0.797724035217466;2.89123173907755;11000
"46";0.752886221420603;1.46384820818168;0.797724035217466;3.01445846481974;11000
"47";0.928569670575743;1.28229197597014;0.738548945875996;2.94941059242188;11000
"48";0.957704882267048;1.25310445532585;0.852802865422442;3.06361220301534;11000
"49";0.601089835267389;1.27377349212011;0.953462589245592;2.82832591663309;11000
"50";1.94125839122702;1.80113736433733;0.797724035217466;4.54011979078182;11000
"51";0.942798880378452;1.22337503937341;0.797724035217466;2.96389795496933;11000
"52";1.38067148975615;1.47696883216057;0.797724035217466;3.65536435713419;11000
"53";0.971870237369279;1.24093983884331;0.797724035217466;3.01053411143005;11000
"54";1.1352421400119;1.36089349855289;0.738548945875996;3.23468458444078;11000
"55";0.862790205643127;1.30982566508871;0.852802865422442;3.02541873615428;11000
"56";0.914329061230622;1.24382773731162;0.797724035217466;2.95588083375971;11000
"57";1.06212269821659;1.27268914018832;0.797724035217466;3.13253587362238;11000
"58";1.05329780401048;1.24991717151944;0.797724035217466;3.10093901074738;11000
"59";0.955369298851752;1.33813128452951;0.852802865422442;3.1463034488037;11000
"60";1.42470817765784;1.67393825162725;0.797724035217466;3.89637046450256;11000
"61";0.938011038913954;1.32931299844075;0.797724035217466;3.06504807257217;11000
"62";1.05831492976939;1.31073242533942;0.603022689155527;2.97207004426433;11000
"63";0.696840103211573;1.48056524573268;0.674199862463242;2.8516052114075;11000
"64";0.992669485685219;1.41757209653777;0.904534033733291;3.31477561595628;11000
"65";0.942016767614625;1.31228607860117;0.904534033733291;3.15883687994909;11000
"66";0.732318268722849;1.2181137652039;0.797724035217466;2.74815606914421;11000
"67";1.04466955016096;1.34911532440054;0.738548945875996;3.1323338204375;11000
"68";1.28500003287332;1.56021638643892;0.797724035217466;3.6429404545297;11000
"69";0.781853379713843;1.34120453324898;0.797724035217466;2.92078194818028;11000
"70";1.19840359128638;1.44796627351603;0.797724035217466;3.44409390001988;11000
"71";1.80073532986208;2.16916632173937;0.797724035217466;4.76762568681892;10865
"72";1.15792027658515;1.42915310764678;0.738548945875996;3.32562233010792;11000
"73";1.1076559510169;1.37077169330216;0.738548945875996;3.21697659019506;11000
"74";0.648817833791644;1.26048591442774;0.852802865422442;2.76210661364183;11000
"75";0.697834336249079;1.25867836453097;0.852802865422442;2.80931556620249;11000
"76";1.23706854022745;1.53508576534097;0.603022689155527;3.37517699472395;11000
"77";1.21101501172105;1.39322527166801;0.738548945875996;3.34278922926506;11000
"78";0.961399821571186;1.15751292996426;0.797724035217466;2.91663678675292;11000
"79";0.841580470084366;1.38974760488641;0.674199862463242;2.90552793743402;11000
"80";1.15167180131645;1.44737847083903;0.797724035217466;3.39677430737295;11000
"81";0.982584666607524;1.30741691348308;0.738548945875996;3.0285505259666;11000
"82";1.14961946864202;1.42410320280079;0.738548945875996;3.3122716173188;11000
"83";0.913294113394587;1.30930431379648;0.852802865422442;3.07540129261351;11000
"84";1.08116600776705;1.35914091381467;0.738548945875996;3.17885586745771;11000
"85";0.917700328618527;1.26584205889752;0.904534033733291;3.08807642124934;11000
"86";0.762070951912976;1.12019953764039;0.738548945875996;2.62081943542936;11000
"87";0.969450299181826;1.30522558833705;0.797724035217466;3.07239992273634;11000
"88";1.01039239548903;1.35363203276526;0.852802865422442;3.21682729367672;11000
"89";1.26001001153271;1.42412198641301;0.674199862463242;3.35833186040897;11000
"90";0.76294677079392;1.55365966618267;0.852802865422442;3.16940930239904;11000
"91";0.695719408857037;1.34833482666053;0.904534033733291;2.94858826925086;11000
"92";0.939983559710088;1.57201021813835;0.674199862463242;3.18619364031168;11000
"93";0.826978285930906;1.2707344491394;0.904534033733291;3.0022467688036;11000
"94";0.753639684536994;1.34419412868171;0.904534033733291;3.00236784695199;11000
"95";0.975620022689286;1.2720719384368;0.674199862463242;2.92189182358932;11000
"96";0.819448835557378;1.33576573827918;0.797724035217466;2.95293860905403;11000
"97";1.13444056089;1.4823945115145;0.852802865422442;3.46963793782694;11000
"98";1.02450534668699;1.20529776738305;0.797724035217466;3.0275271492875;11000
"99";0.778652133078654;1.31913874379752;0.904534033733291;3.00232491060947;11000
"100";0.983524395969515;1.36031776725004;0.738548945875996;3.08239110909555;11000
"101";0.773980098382753;1.45174569074115;0.797724035217466;3.02344982434137;11000
"102";1.24907402819392;1.40477186079506;0.738548945875996;3.39239483486498;11000
"103";1.30886892836349;1.57006226443059;0.522232967867094;3.40116416066117;11000
"104";0.862336017920036;1.20901033995005;0.797724035217466;2.86907039308755;11000
"105";0.736624444711106;1.49740720281025;0.674199862463242;2.9082315099846;11000
"106";1.1464678096673;1.41558736487842;0.674199862463242;3.23625503700896;11000
"107";0.741965802761484;1.21985171578683;0.797724035217466;2.75954155376578;11000
"108";1.08455521664061;1.3773832844492;0.852802865422442;3.31474136651225;11000
"109";1.12613317467836;1.32092346557155;0.852802865422442;3.29985950567235;11000
"110";0.84503878589304;1.27007244027159;0.904534033733291;3.01964525989792;11000
"111";0.835537299367712;1.28178333532912;0.904534033733291;3.02185466843013;11000
"112";0.88618947076269;1.486210532526;0.852802865422442;3.22520286871113;11000
"113";1.07144324326118;1.40902121851828;0.738548945875996;3.21901340765546;11000
"114";1.24546440046362;1.5369055081474;0.738548945875996;3.52091885448702;11000
"115";0.871326840278927;1.3547060801248;0.852802865422442;3.07883578582617;11000
"116";0.88540961326899;1.35022010501546;0.738548945875996;2.97417866416045;11000
"117";1.02078913315903;1.28466856137518;0.738548945875996;3.0440066404102;11000
"118";0.738863176281811;1.31179424311537;0.904534033733291;2.95519145313048;11000
"119";0.726354895293325;1.74774548063214;0.852802865422442;3.32690324134791;11000
"120";0.862690201075861;1.22399723621741;0.852802865422442;2.93949030271571;11000
"121";1.15692634847026;1.43448174260526;0.738548945875996;3.32995703695151;11000
"122";0.901942135236904;1.30967830599988;0.852802865422442;3.06442330665922;11000
"123";1.17872271159251;1.40757411553381;0.738548945875996;3.32484577300231;11000
"124";0.973787986591852;1.2312816741531;0.797724035217466;3.00279369596241;11000
"125";1.05735501897632;1.35037814145184;0.738548945875996;3.14628210630415;11000
"126";0.872708796189052;1.19266166218103;0.797724035217466;2.86309449358755;11000
"127";0.84743419752877;1.411698120035;0.797724035217466;3.05685635278124;11000
"128";1.20621518278088;1.5417140815619;0.674199862463242;3.42212912680602;11000
"129";1.09118949727003;1.50895699874225;0.738548945875996;3.33869544188828;11000
"130";0.776672464466143;1.46114835145888;0.904534033733291;3.14235484965831;11000
"131";0.892451773288363;1.29331131500457;0.852802865422442;3.03856595371538;11000
"132";0.863839581858807;1.28878593773871;0.904534033733291;3.05715955333081;11000
"133";1.2020491356892;1.55063903329503;0.738548945875996;3.49123711486022;11000
"134";0.911189260321102;1.25496529290253;0.904534033733291;3.07068858695692;11000
"135";1.01421922987524;1.32823424500159;0.674199862463242;3.01665333734007;11000
"136";1.27960937321598;1.54654415721594;0.674199862463242;3.50035339289516;11000
"137";0.885042687740365;1.2037459087757;0.904534033733291;2.99332263024936;11000
"138";0.810251238382451;1.20704040611639;0.852802865422442;2.87009450992128;11000
"139";0.918325658699237;1.36346193543614;0.797724035217466;3.07951162935284;11000
"140";0.978441961731527;1.27364227642925;0.904534033733291;3.15661827189406;11000
"141";0.752038112497199;1.48412264467667;0.852802865422442;3.08896362259631;11000
"142";1.08005849972737;1.38185153204551;0.738548945875996;3.20045897764887;11000
"143";1.08006799939436;1.46580974916768;0.852802865422442;3.39868061398448;11000
"144";0.839519390977519;1.36432377273367;0.852802865422442;3.05664602913363;11000
"145";1.43746121806411;1.46384856348567;0.852802865422442;3.75411264697222;11000
"146";1.78497814092132;1.52577324842692;0.904534033733291;4.21528542308154;11000
"147";1.05640033779617;1.3082678017755;0.797724035217466;3.16239217478913;11000
"148";1.39937857957774;1.64854007511291;0.797724035217466;3.84564268990811;11000
"149";0.848447358391125;1.25796138447379;0.797724035217466;2.90413277808238;11000
"150";1.27221403182749;1.4899709801579;0.797724035217466;3.55990904720285;11000
"151";1.22491652333271;1.44418268007795;0.852802865422442;3.52190206883311;11000
"152";0.928788034026055;1.31159512699559;0.852802865422442;3.09318602644409;11000
"153";0.662132597909091;1.49759345625651;0.904534033733291;3.06426008789889;11000
"154";0.904989592007027;1.22108243951106;0.738548945875996;2.86462097739408;11000
"155";1.18559004842129;1.52357990795435;0.738548945875996;3.44771890225163;11000
"156";0.766263398934504;1.32744241329351;0.738548945875996;2.83225475810401;11000
"157";1.10629985164133;1.33721964754984;0.797724035217466;3.24124353440864;11000
"158";0.88768814589036;1.50491677568641;0.852802865422442;3.24540778699921;11000
"159";1.01154776944439;1.42528204773778;0.797724035217466;3.23455385239963;11000
"160";1.12998564011199;1.42209756610879;0.852802865422442;3.40488607164323;11000
"161";1.13739108295651;1.38439950092918;0.603022689155527;3.12481327304122;11000
"162";1.1535681077602;1.45669960196475;0.738548945875996;3.34881665560095;11000
"163";1.04790426600649;1.33534979425582;0.852802865422442;3.23605692568475;11000
"164";0.983460643139255;1.33499829331193;0.738548945875996;3.05700788232718;11000
"165";1.23264586977846;1.45907519222049;0.797724035217466;3.48944509721642;11000
"166";1.26657119322229;1.45357879923952;0.738548945875996;3.45869893833781;11000
"167";1.27776250085367;1.37106202357832;0.797724035217466;3.44654855964946;11000
"168";0.996699560845557;1.34365974860802;0.852802865422442;3.19316217487602;11000
"169";0.960426550525913;1.30677226401383;0.904534033733291;3.17173284827303;11000
"170";0.937014685159483;1.59809217142704;0.852802865422442;3.38790972200897;11000
"171";0.847055176742314;1.21335421138946;0.852802865422442;2.91321225355422;11000
"172";0.970548734442248;1.32354697014661;0.797724035217466;3.09181973980632;11000
"173";1.04794730909057;1.29304554627831;0.797724035217466;3.13871689058634;11000
"174";1.08498659063136;1.31829890964661;0.738548945875996;3.14183444615397;11000
"175";1.05305752512477;1.31571197781044;0.852802865422442;3.22157236835766;11000
"176";0.890247693686451;1.44393820233225;0.674199862463242;3.00838575848194;11000
"177";0.681210051819669;1.20793332837916;0.852802865422442;2.74194624562127;11000
"178";0.949801557800069;1.45373701748898;0.852802865422442;3.25634144071149;11000
"179";0.669392258245407;1.30647541275571;0.797724035217466;2.77359170621858;11000
"180";1.20380512839561;1.42303292922061;0.852802865422442;3.47964092303866;11000
"181";1.13583032378759;1.43791805119217;0.674199862463242;3.247948237443;11000
"182";1.07563525508226;1.36965988200731;0.953462589245592;3.39875772633516;11000
"183";0.737575423738589;1.21455997450888;0.852802865422442;2.80493826366991;11000
"184";0.898051620987871;1.23822135814912;0.797724035217466;2.93399701435446;11000
"185";0.75535251087763;1.45535979267151;0.797724035217466;3.0084363387666;11000
"186";1.13248120124541;1.49291648381546;0.738548945875996;3.36394663093687;11000
"187";1.25794678587508;1.51058554242974;0.674199862463242;3.44273219076807;11000
"188";1.0248392734098;1.44445441061651;0.852802865422442;3.32209654944875;11000
"189";0.9561984964087;1.3251778519773;0.797724035217466;3.07910038360347;11000
"190";0.738466934834707;1.32916331201858;0.797724035217466;2.86535428207075;11000
"191";1.17285597324441;1.49235886258245;0.674199862463242;3.3394146982901;11000
"192";1.23408530513651;1.48959525666932;0.738548945875996;3.46222950768183;11000
"193";0.917439624668669;1.31512994885716;0.674199862463242;2.90676943598907;11000
"194";0.811963290276629;1.24551439115762;0.852802865422442;2.91028054685669;11000
"195";0.888700544552012;1.25643849451342;0.904534033733291;3.04967307279873;11000
"196";1.07618145816831;1.44543578054659;0.738548945875996;3.2601661845909;11000
"197";1.01331041472982;1.29275563978782;0.797724035217466;3.1037900897351;11000
"198";1.33736776527226;1.59464910158978;0.603022689155527;3.53503955601756;11000
"199";1.39952480111722;1.67128805687472;0.797724035217466;3.8685368932094;11000
"200";0.763763848610475;1.6617890754955;0.904534033733291;3.33008695783926;11000
"201";1.25411983704949;1.53149899932298;0.674199862463242;3.4598186988357;11000
"202";0.77324207877635;1.35987134292129;0.674199862463242;2.80731328416088;11000
"203";1.15535726469087;1.48113795662511;0.738548945875996;3.37504416719198;11000
"204";1.85991751877798;1.67066590905774;0.674199862463242;4.20478329029897;11000
"205";0.812453090079794;1.38821633566133;0.852802865422442;3.05347229116356;11000
"206";1.67758153115342;2.24039877430296;0.797724035217466;4.71570434067385;10880
"207";1.13579993179015;1.51931857990625;0.738548945875996;3.3936674575724;11000
"208";0.849397397642121;1.25088738476725;0.904534033733291;3.00481881614266;11000
"209";1.0577251515539;1.37629542356551;0.852802865422442;3.28682344054185;11000
"210";1.25736860269115;1.57182425338073;0.738548945875996;3.56774180194788;11000
"211";1.04968458574666;1.40536163997119;0.797724035217466;3.25277026093531;11000
"212";1.07134229951566;1.3456542198589;0.797724035217466;3.21472055459202;11000
"213";0.945894784061994;1.23906877963407;0.797724035217466;2.98268759891353;11000
"214";0.67085983976797;1.261113985089;0.852802865422442;2.78477669027941;11000
"215";1.02167583892555;1.39510488195274;0.738548945875996;3.15532966675428;11000
"216";1.23874164850853;1.48132685338671;0.852802865422442;3.57287136731769;11000
"217";1.2974728089442;1.63290263463102;0.738548945875996;3.66892438945122;11000
"218";1.1173911460577;1.31424633567057;0.674199862463242;3.10583734419151;11000
"219";1.0469312281814;1.34236972483971;0.738548945875996;3.12784989889711;11000
"220";1.18964463903006;1.42804163129197;0.674199862463242;3.29188613278527;11000
"221";0.967553315684972;1.37858921313757;0.797724035217466;3.14386656404;11000
"222";1.14178472158118;1.47346043911311;0.738548945875996;3.35379410657029;11000
"223";1.02128705924803;1.34915920408761;0.852802865422442;3.22324912875808;11000
"224";0.835966284884399;1.59580577267212;0.953462589245592;3.38523464680211;11000
"225";0.872197931410729;1.51327982264512;0.797724035217466;3.18320178927332;11000
"226";1.30634671383115;1.56324364118068;0.852802865422442;3.72239322043427;11000
"227";0.655994833440983;1.30697506285086;0.852802865422442;2.81577276171428;11000
"228";1.0596393877769;1.4131253641007;0.797724035217466;3.27048878709507;11000
"229";2.2273737542776;1.77746595504128;0.797724035217466;4.80256374453635;10637
"230";0.900506447295677;1.21056720864852;0.797724035217466;2.90879769116166;11000
"231";0.999869537335054;1.27370581933498;0.738548945875996;3.01212430254603;11000
"232";0.869391869424279;1.42933905133591;0.852802865422442;3.15153378618263;11000
"233";0.712582330975386;1.39543979644381;0.852802865422442;2.96082499284164;11000
"234";0.83029101571236;1.25573980499412;0.738548945875996;2.82457976658247;11000
"235";1.96973864166075;1.86581188469229;0.797724035217466;4.63327456157051;10664
"236";1.03489797319966;1.40913276234921;0.797724035217466;3.24175477076634;11000
"237";1.39410767943312;1.6023450677768;0.674199862463242;3.67065260967316;11000
"238";1.08015265098932;1.42177755638026;0.738548945875996;3.24047915324557;11000
"239";1.05679470329575;1.48751338313422;0.674199862463242;3.21850794889321;11000
"240";0.953852239768576;1.29976087641533;0.797724035217466;3.05133715140138;11000
"241";0.885767309577027;1.22362510156597;0.797724035217466;2.90711644636046;11000
"242";1.15746358393881;1.42118007731309;0.797724035217466;3.37636769646936;11000
"243";1.11584568189739;1.50461942923653;0.797724035217466;3.41818914635139;11000
"244";1.42690613282632;1.56424123860548;0.674199862463242;3.66534723389504;11000
"245";1.15938991373249;1.35072551004097;0.797724035217466;3.30783945899093;11000
"246";0.80562282170865;1.56822175148124;0.904534033733291;3.27837860692318;11000
"247";1.12630497579294;1.48118970318777;0.797724035217466;3.40521871419817;11000
"248";0.987326412482976;1.38469762564487;0.904534033733291;3.27655807186113;11000
"249";0.684613605500421;1.25410784909361;0.904534033733291;2.84325548832732;11000
"250";0.908725901775304;1.2622048652969;0.603022689155527;2.77395345622773;11000
"251";1.03443664206053;1.25852925844372;0.797724035217466;3.09068993572171;11000
"252";1.43411777320506;1.59383403791318;0.738548945875996;3.76650075699423;11000
"253";1.1016398776519;1.27843877059711;0.797724035217466;3.17780268346648;11000
"254";1.27000572336827;1.45098099705376;0.797724035217466;3.51871075563949;11000
"255";0.952727670217176;1.35181474054636;0.738548945875996;3.04309135663953;11000
"256";1.01420230042585;1.40159006657216;0.904534033733291;3.3203264007313;11000
"257";0.950038188738358;1.26700548268356;0.738548945875996;2.95559261729792;11000
"258";1.0447876759686;1.31464295664902;0.797724035217466;3.15715466783509;11000
"259";0.860752499567449;1.28548468614137;0.797724035217466;2.94396122092628;11000
"260";0.951620672249192;1.2935617751444;0.738548945875996;2.98373139326959;11000
"261";1.47733583596555;1.67993583206193;0.797724035217466;3.95499570324494;11000
"262";1.08445209236939;1.30180833116119;0.797724035217466;3.18398445874804;11000
"263";1.18440213447017;1.39909888082339;0.674199862463242;3.2577008777568;11000
"264";1.14283785961788;1.47333436180514;0.797724035217466;3.41389625664048;11000
"265";0.905111008313594;1.24422630222485;0.738548945875996;2.88788625641444;11000
"266";0.932233184808476;1.35872862929676;0.797724035217466;3.0886858493227;11000
"267";1.05669472427086;1.5127989209124;0.738548945875996;3.30804259105925;11000
"268";1.80677493678033;2.05963037002954;0.738548945875996;4.60495425268586;10779
"269";1.20098829257598;1.49424082475526;0.797724035217466;3.49295315254871;11000
"270";0.783986251237582;1.49083701647037;0.797724035217466;3.07254730292542;11000
"271";0.998051745155557;1.32389756032845;0.797724035217466;3.11967334070147;11000
"272";0.845168772106523;1.43585792712746;0.738548945875996;3.01957564510998;11000
"273";0.908122154722101;1.3101492186845;0.674199862463242;2.89247123586985;11000
"274";1.05724877578947;1.37301896436163;0.738548945875996;3.16881668602709;11000
"275";0.901998931514073;1.19091508746779;0.852802865422442;2.94571688440431;11000
"276";0.78593106382868;1.48318377440263;0.797724035217466;3.06683887344877;11000
"277";0.730178543268022;1.50940373725604;0.852802865422442;3.0923851459465;11000
"278";1.00025958823484;1.3671898983121;0.674199862463242;3.04164934901018;11000
"279";0.854969262463477;1.18204341020735;0.738548945875996;2.77556161854683;11000
"280";1.24556792528772;1.49314956964514;0.797724035217466;3.53644153015032;11000
"281";1.15142247392536;1.46468801021276;0.852802865422442;3.46891334956056;11000
"282";1.27943191456877;1.43493880864131;0.674199862463242;3.38857058567332;11000
"283";0.980724467957329;1.34494263774403;0.738548945875996;3.06421605157735;11000
"284";1.92958973889216;1.73868441325514;0.738548945875996;4.40682309802329;10669
"285";1.08682242633028;1.46696470867676;0.904534033733291;3.45832116874034;11000
"286";1.25250160110213;1.47823856470809;0.738548945875996;3.46928911168622;11000
"287";1.03528343133357;1.32667116653393;0.674199862463242;3.03615446033074;11000
"288";0.909346922983943;1.29145862413311;0.797724035217466;2.99852958233451;11000
"289";1.20699897672168;1.40344442830516;0.674199862463242;3.28464326749009;11000
"290";0.92439180281802;1.24625666390402;0.797724035217466;2.96837250193951;11000
"291";0.58920318033966;1.12331209517003;0.852802865422442;2.56531814093213;11000
"292";0.83730906168305;1.24569786341528;0.738548945875996;2.82155587097432;11000
"293";1.02427563049675;1.25011339823316;0.797724035217466;3.07211306394738;11000
"294";0.846878405556424;1.20708929542367;0.797724035217466;2.85169173619756;11000
"295";1.01777838762828;1.32570116875967;0.797724035217466;3.14120359160542;11000
"296";2.04758602919582;1.69899294411849;0.852802865422442;4.59938183873675;10637
"297";1.05960187752167;1.39701959209132;0.852802865422442;3.30942433503543;11000
"298";0.857418159673845;1.34381190342806;0.852802865422442;3.05403292852434;11000
"299";1.01056525085037;1.34515073719964;0.852802865422442;3.20851885347245;11000
"300";1.15230552438686;1.45673672160539;0.738548945875996;3.34759119186825;11000
"301";1.22758373144362;1.43466720956886;0.797724035217466;3.45997497622995;11000
"302";2.17487653077473;1.88401345417677;0.738548945875996;4.79743893082749;10646
"303";0.811761725676102;1.24097923003885;0.797724035217466;2.85046499093242;11000
"304";1.03440919741163;1.37968595985148;0.797724035217466;3.21181919248057;11000
"305";0.87336760809389;1.26223631350883;0.852802865422442;2.98840678702516;11000
"306";0.901934106563479;1.23634112479457;0.797724035217466;2.93599926657552;11000
"307";0.960923035964808;1.52060544894039;0.738548945875996;3.22007743078119;11000
"308";1.04584944031438;1.29951368738761;0.852802865422442;3.19816599312444;11000
"309";1.20434965451787;1.56217010446288;0.797724035217466;3.56424379419822;11000
"310";1.16082070152913;1.44010278994109;0.797724035217466;3.39864752668769;11000
"311";1.26276455963314;1.52780363569499;0.738548945875996;3.52911714120413;11000
"312";1.28310106478414;1.46666030242723;0.674199862463242;3.42396122967461;11000
"313";1.03338694724742;1.23505906901091;0.797724035217466;3.06617005147579;11000
"314";1.14193937832671;1.7050103345477;0.738548945875996;3.5854986587504;11000
"315";0.970380288522658;1.31220867429213;0.797724035217466;3.08031299803226;11000
"316";0.951433468254646;1.44363797070906;0.852802865422442;3.24787430438615;11000
"317";1.01496186125278;1.57132591795744;0.797724035217466;3.38401181442769;11000
"318";0.976010884781364;1.3218800967783;0.674199862463242;2.97209084402291;11000
"319";0.8992581237873;1.31072818176597;0.852802865422442;3.06278917097571;11000
"320";0.934422963982485;1.27015936356131;0.852802865422442;3.05738519296624;11000
"321";0.727685489243749;1.27955545959265;0.953462589245592;2.96070353808199;11000
"322";0.93720952479242;1.2172162561915;0.674199862463242;2.82862564344716;11000
"323";1.13821623811526;1.23919646148757;0.738548945875996;3.11596164547883;11000
"324";0.921833761389422;1.32786389160274;0.852802865422442;3.1025005184146;11000
"325";0.903761132046664;1.2761629498296;0.738548945875996;2.91847302775226;11000
"326";1.04659224959059;1.55317726389628;0.797724035217466;3.39749354870433;11000
"327";1.02300439388769;1.39437513424843;0.738548945875996;3.15592847401212;11000
"328";0.836188791100898;1.20179096985856;0.738548945875996;2.77652870683545;11000
"329";0.847942806281693;1.63989279593235;0.852802865422442;3.34063846763648;11000
"330";0.923959028468899;1.32260354255252;0.738548945875996;2.98511151689742;11000
"331";0.816672286350702;1.23506309520733;0.852802865422442;2.90453824698047;11000
"332";0.884835093693047;1.32253772059162;0.852802865422442;3.06017567970711;11000
"333";0.980513994754365;1.46545516381416;0.904534033733291;3.35050319230181;11000
"334";0.876578727968785;1.23483318692002;0.797724035217466;2.90913595010627;11000
"335";1.1499326826739;1.35428501511659;0.797724035217466;3.30194173300796;11000
"336";1.04164373893413;1.31938320017342;0.674199862463242;3.0352268015708;11000
"337";0.853772612952643;1.24968560656547;0.852802865422442;2.95626108494056;11000
"338";1.05581860252378;1.32704559045576;0.674199862463242;3.05706405544279;11000
"339";1.23662866419292;1.45699950133332;0.797724035217466;3.4913522007437;11000
"340";1.18316709147821;1.47340338130223;0.852802865422442;3.50937333820288;11000
"341";0.935630599288258;1.24302820322982;0.852802865422442;3.03146166794052;11000
"342";1.62957538544732;1.61637318171216;0.797724035217466;4.04367260237695;11000
"343";1.52524118269482;1.54405197101991;0.797724035217466;3.8670171889322;11000
"344";1.15890408729817;1.46618925262603;0.797724035217466;3.42281737514167;11000
"345";0.981680161930571;1.30625120680539;0.852802865422442;3.14073423415841;11000
"346";1.09338873376796;1.36018881454922;0.852802865422442;3.30638041373963;11000
"347";0.859956812632912;1.23869763764036;0.904534033733291;3.00318848400656;11000
"348";0.861916790675265;1.46737337997543;0.738548945875996;3.06783911652669;11000
"349";0.851710172778534;1.21199637226225;0.738548945875996;2.80225549091678;11000
"350";0.681065280111004;1.21401141476419;0.904534033733291;2.79961072860849;11000
"351";0.788043663358303;1.36952388623619;0.797724035217466;2.95529158481196;11000
"352";0.903667945562564;1.31301501940892;0.904534033733291;3.12121699870477;11000
"353";0.716608137173706;1.2246996670382;0.852802865422442;2.79411066963434;11000
"354";0.877058008745801;1.3226279853945;0.852802865422442;3.05248885956275;11000
"355";0.83870222408151;1.44333728979149;0.797724035217466;3.07976354909047;11000
"356";1.07919955491178;1.37748446122994;0.738548945875996;3.19523296201772;11000
"357";1.27449322873138;1.6249646446265;0.738548945875996;3.63800681923388;11000
"358";1.09346395687671;1.30484602270983;0.953462589245592;3.35177256883214;11000
"359";1.27225741160264;1.52276538256346;0.738548945875996;3.53357174004209;11000
"360";1.03266560830924;1.3714128975207;0.797724035217466;3.2018025410474;11000
"361";0.892405621523136;1.32634270808898;0.852802865422442;3.07155119503456;11000
"362";1.07264063016636;1.30224027410553;0.852802865422442;3.22768376969433;11000
"363";1.03864516337648;1.47068294662768;0.797724035217466;3.30705214522162;11000
"364";0.827534362273122;1.37166334909776;0.797724035217466;2.99692174658835;11000
"365";0.972696632170182;1.42847073722109;0.797724035217466;3.19889140460874;11000
"366";1.37666672448814;1.43106020276107;0.674199862463242;3.48192678971245;11000
"367";0.862406679956657;1.30453352686204;0.852802865422442;3.01974307224114;11000
"368";1.1525852831239;1.45468675539326;0.797724035217466;3.40499607373463;11000
"369";1.68857065916383;1.6035169110269;0.852802865422442;4.14489043561317;11000
"370";1.16463599983292;1.40701596507775;0.738548945875996;3.31020091078666;11000
"371";1.14321528112233;1.52550713015443;0.852802865422442;3.5215252766992;11000
"372";0.898699620452027;1.26319854432981;0.674199862463242;2.83609802724508;11000
"373";0.843700408966945;1.26441659533733;0.797724035217466;2.90584103952174;11000
"374";0.965743292154748;1.28005273611092;0.797724035217466;3.04352006348314;11000
"375";1.32960693867439;1.62442989641146;0.797724035217466;3.75176087030331;11000
"376";1.11470008372593;1.44259605142676;0.797724035217466;3.35502017037016;11000
"377";0.987370448571099;1.34724164118012;0.852802865422442;3.18741495517366;11000
"378";1.09144089254919;1.33112509723463;0.904534033733291;3.32710002351712;11000
"379";0.659726282771074;1.16648390455331;0.797724035217466;2.62393422254185;11000
"380";0.83449436115658;1.27952948538408;0.797724035217466;2.91174788175813;11000
"381";0.981516765978072;1.32812022955994;0.852802865422442;3.16243986096045;11000
"382";0.823471713270739;1.18212622498123;0.852802865422442;2.85840080367441;11000
"383";1.04387220555884;1.41395731669717;0.852802865422442;3.31063238767845;11000
"384";0.905159683499531;1.30104500206745;0.738548945875996;2.94475363144297;11000
"385";0.749650550319533;1.29147891902155;0.738548945875996;2.77967841521708;11000
"386";1.06030453806458;1.37254434350697;0.738548945875996;3.17139782744755;11000
"387";0.949699891857629;1.43307906702444;0.797724035217466;3.18050299409953;11000
"388";1.20103620869941;1.37603152391606;0.738548945875996;3.31561667849147;11000
"389";0.910398095074667;1.38632207380897;0.852802865422442;3.14952303430607;11000
"390";1.09278421690309;1.41826930471098;0.904534033733291;3.41558755534736;11000
"391";1.26259771513319;1.44002412047828;0.904534033733291;3.60715586934476;11000
"392";0.996094565484834;1.2599875825433;0.797724035217466;3.05380618324559;11000
"393";0.625433950342495;1.15469442157917;0.797724035217466;2.57785240713913;11000
"394";1.06525407074176;1.28890922000315;0.738548945875996;3.09271223662091;11000
"395";0.962541954642298;1.23801165157299;0.852802865422442;3.05335647163773;11000
"396";1.24846624068377;1.39113547597658;0.674199862463242;3.3138015791236;11000
"397";1.38984154661698;1.63721289296179;0.797724035217466;3.82477847479624;11000
"398";1.78589575804426;2.1919480480479;0.797724035217466;4.77556784130962;10996
"399";1.16573687486607;1.60131971000013;0.797724035217466;3.56478062008367;11000
"400";1.30474426748286;1.50381426400683;0.797724035217466;3.60628256670716;11000
"401";1.14599408199122;1.39834102089713;0.852802865422442;3.39713796831079;11000
"402";1.20187073875995;2.27880092162376;0.674199862463242;4.15487152284696;11000
"403";1.12366673125599;1.42758072046115;0.797724035217466;3.3489714869346;11000
"404";0.991656630590801;1.3727708670338;0.738548945875996;3.1029764435006;11000
"405";0.759818723742721;1.2174762722237;0.852802865422442;2.83009786138886;11000
"406";1.39195210716575;1.44287677086704;0.738548945875996;3.57337782390878;11000
"407";0.685571719721808;1.4132967450745;0.904534033733291;3.00340249852959;11000
"408";0.994383112768265;1.34162697372364;0.797724035217466;3.13373412170937;11000
"409";0.88673417371668;1.16067977501424;0.738548945875996;2.78596289460692;11000
"410";0.820246074949424;1.20158780173355;0.797724035217466;2.81955791190044;11000
"411";0.832705817291002;1.33228536171558;0.904534033733291;3.06952521273987;11000
"412";0.897174265834272;1.25774917869552;0.738548945875996;2.89347239040579;11000
"413";1.06413689743679;1.3809858814999;0.852802865422442;3.29792564435914;11000
"414";1.30829954924937;1.40254565948008;0.797724035217466;3.50856924394692;11000
"415";1.05356818320459;1.40853063437647;0.852802865422442;3.31490168300349;11000
"416";1.02792964984365;1.38797656225041;0.852802865422442;3.2687090775165;11000
"417";0.95829834506584;1.24448681558349;0.797724035217466;3.0005091958668;11000
"418";0.863801094045054;1.26717492445409;0.738548945875996;2.86952496437514;11000
"419";1.18763953723904;1.42338969893668;0.738548945875996;3.34957818205172;11000
"420";0.718288719176584;1.30549759965954;0.852802865422442;2.87658918425857;11000
"421";0.833683351143388;1.27369003206181;0.852802865422442;2.96017624862764;11000
"422";1.17781603056066;1.43577679398738;0.738548945875996;3.35214177042404;11000
"423";1.15339771558438;1.56539135928253;0.797724035217466;3.51651311008437;11000
"424";0.954565570988117;1.38108174960725;0.738548945875996;3.07419626647136;11000
"425";2.59325010085014;1.9754829777131;0.738548945875996;5.30728202443924;10637
"426";1.05889073563268;1.28247255515748;0.852802865422442;3.19416615621261;11000
"427";1.2533498007391;1.45129337640169;0.797724035217466;3.50236721235826;11000
"428";0.712291189841373;1.37390204015429;0.852802865422442;2.9389960954181;11000
"429";0.608776544911109;1.27394873923591;0.953462589245592;2.83618787339261;11000
"430";0.951396591033831;1.39077846840093;0.738548945875996;3.08072400531076;11000
"431";1.01068284945169;1.34413651193866;0.904534033733291;3.25935339512364;11000
"432";1.03690938942175;1.27827640669108;0.738548945875996;3.05373474198883;11000
"433";0.789959070638771;1.54948686655123;0.738548945875996;3.077994883066;11000
"434";1.00826839978494;1.31294680338351;0.797724035217466;3.11893923838591;11000
"435";0.758471863811787;1.38575716100526;0.852802865422442;2.99703189023948;11000
"436";1.01585937568451;1.40389527388898;0.852802865422442;3.27255751499593;11000
"437";0.911279105732331;1.24944841735815;0.797724035217466;2.95845155830795;11000
"438";1.04305321934186;1.37641353877214;0.738548945875996;3.15801570398999;11000
"439";0.761970976221411;1.22370005945811;0.738548945875996;2.72421998155552;11000
"440";1.03415251554331;1.37560779274479;0.852802865422442;3.26256317371054;11000
"441";1.05979929030251;1.39625000783751;0.674199862463242;3.13024916060326;11000
"442";1.05452904438935;1.39005771299937;0.797724035217466;3.24231079260618;11000
"443";1.00237019094555;1.3596855078154;0.738548945875996;3.10060464463695;11000
"444";1.25053112752606;1.59317629851323;0.738548945875996;3.58225637191529;11000
"445";1.20974736191826;1.54107234237458;0.738548945875996;3.48936865016883;11000
"446";1.01266765282751;1.27542204832137;0.797724035217466;3.08581373636635;11000
"447";1.50808877432075;1.71706365203555;0.674199862463242;3.89935228881954;11000
"448";0.98567622713379;1.41049385465491;0.797724035217466;3.19389411700617;11000
"449";0.788334927252855;1.34872417849489;0.738548945875996;2.87560805162374;11000
"450";0.816622517543608;1.23678076749561;0.797724035217466;2.85112732025669;11000
"451";1.03834832728982;1.33027270308918;0.852802865422442;3.22142389580145;11000
"452";1.00204527559619;1.38807665394552;0.797724035217466;3.18784596475918;11000
"453";0.885524294024768;1.30722922897631;0.738548945875996;2.93130246887707;11000
"454";0.847813466607895;1.23597757411051;0.674199862463242;2.75799090318165;11000
"455";1.08500160533547;1.33094443371596;0.797724035217466;3.2136700742689;11000
"456";1.08328952469333;1.31455829444792;0.797724035217466;3.19557185435872;11000
"457";1.08100747298408;1.44796914797495;0.738548945875996;3.26752556683503;11000
"458";0.827336556090949;1.24848010378126;0.674199862463242;2.75001652233545;11000
"459";1.27512430590761;1.45749807551821;0.797724035217466;3.53034641664329;11000
"460";0.722722623333575;1.24408963470911;0.852802865422442;2.81961512346512;11000
"461";0.982913772202871;1.32706986403037;0.674199862463242;2.98418349869649;11000
"462";1.21977459848889;1.42431105736704;0.738548945875996;3.38263460173192;11000
"463";0.75836257153834;1.36861244912486;0.738548945875996;2.8655239665392;11000
"464";1.25045774185297;1.58290654964334;0.738548945875996;3.57191323737231;11000
"465";0.918599864976013;1.38869044708968;0.852802865422442;3.16009317748813;11000
"466";1.25740697741717;1.59171585765585;0.852802865422442;3.70192570049546;11000
"467";1.20003682549734;1.46213740137386;0.797724035217466;3.45989826208866;11000
"468";0.911321148202735;1.2658666720674;0.852802865422442;3.02999068569258;11000
"469";1.05247108870485;1.34377841641972;0.674199862463242;3.07044936758781;11000
"470";1.10468603097717;1.31658130743974;0.797724035217466;3.21899137363438;11000
"471";0.816238610346361;1.25330080398053;0.852802865422442;2.92234227974933;11000
"472";0.800133410582732;1.35909302382788;0.674199862463242;2.83342629687385;11000
"473";0.94292997224733;1.27215972518633;0.797724035217466;3.01281373265112;11000
"474";0.877278525321595;1.30127809333716;0.904534033733291;3.08309065239205;11000
"475";0.720319587088413;1.30648144095736;0.852802865422442;2.87960389346821;11000
"476";0.808303056674395;1.48699918560941;0.797724035217466;3.09302627750127;11000
"477";0.745311195082971;1.65157884281462;0.797724035217466;3.19461407311505;11000
"478";1.01385964990995;1.42628801830451;0.852802865422442;3.29295053363691;11000
"479";1.35451103702417;1.598100915428;0.674199862463242;3.62681181491541;11000
"480";0.888639405942329;1.36535212449012;0.738548945875996;2.99254047630845;11000
"481";1.01254986707848;1.32732519236905;0.852802865422442;3.19267792486997;11000
"482";1.20533971348894;1.40250308722487;0.797724035217466;3.40556683593127;11000
"483";1.10663187954251;1.34466175111678;0.852802865422442;3.30409649608173;11000
"484";1.1795075765757;1.53687491222612;0.852802865422442;3.56918535422426;11000
"485";1.91028878271297;1.7679417936461;0.904534033733291;4.58276461009236;10681
"486";1.09159256340186;1.44682089491276;0.852802865422442;3.39121632373706;11000
"487";0.978486229213663;1.29601996054589;0.852802865422442;3.127309055182;11000
"488";0.959489709845349;1.33555831698195;0.797724035217466;3.09277206204476;11000
"489";0.793735467963588;1.39194002855726;0.797724035217466;2.98339953173831;11000
"490";0.876362162059866;1.29588818551051;0.797724035217466;2.96997438278784;11000
"491";0.834295868571439;1.22465871814749;0.674199862463242;2.73315444918217;11000
"492";1.37859613975807;1.51241218863232;0.738548945875996;3.62955727426638;11000
"493";0.822590148365446;1.26735899304359;0.603022689155527;2.69297183056457;11000
"494";0.858630097047455;1.40906648156662;0.738548945875996;3.00624552449007;11000
"495";1.05763140843532;1.37592923648704;0.904534033733291;3.33809467865565;11000
"496";1.08734082000255;1.31649078725212;0.797724035217466;3.20155564247213;11000
"497";0.62747144307874;1.23878276445813;0.852802865422442;2.71905707295932;11000
"498";0.964198089882906;1.42471701648351;0.797724035217466;3.18663914158388;11000
"499";1.07805974350094;1.38539264248694;0.738548945875996;3.20200133186388;11000
"500";0.89293490565729;1.31248563601651;0.797724035217466;3.00314457689127;11000
"501";1.07572807106734;1.33968071814548;0.738548945875996;3.15395773508882;11000
"502";1.06203727038753;1.50341468774523;0.852802865422442;3.4182548235552;11000
"503";0.997788514456244;1.40245457842995;0.852802865422442;3.25304595830864;11000
"504";0.890538840798419;1.21971421615597;0.797724035217466;2.90797709217185;11000
"505";0.833710169602511;1.13580911077492;0.674199862463242;2.64371914284068;11000
"506";1.02860945766209;1.37061370590006;0.797724035217466;3.19694719877962;11000
"507";1.1827673150834;1.43482500912383;0.738548945875996;3.35614127008323;11000
"508";0.666800757813711;1.3531214993723;0.852802865422442;2.87272512260845;11000
"509";1.05694664636866;1.2893618306247;0.797724035217466;3.14403251221083;11000
"510";1.15787821437094;1.43651529310814;0.674199862463242;3.26859336994232;11000
"511";1.2767707189496;1.54652641604212;0.797724035217466;3.62102117020918;11000
"512";1.1746930121891;1.40530544551612;0.738548945875996;3.31854740358122;11000
"513";0.786582794226659;1.26486314645164;0.852802865422442;2.90424880610074;11000
"514";0.944842588281333;1.25858731765963;0.797724035217466;3.00115394115843;11000
"515";0.838176181116642;1.41561284716151;0.738548945875996;2.99233797415414;11000
"516";1.09506843070536;1.33664981951679;0.797724035217466;3.22944228543962;11000
"517";0.964103709984895;1.33446732408095;0.738548945875996;3.03711997994184;11000
"518";0.963273388447426;1.30381927663591;0.738548945875996;3.00564161095934;11000
"519";0.868609555793761;1.72978926659502;0.852802865422442;3.45120168781122;11000
"520";1.03808980636;1.26765186590967;0.738548945875996;3.04429061814567;11000
"521";0.972341583297781;1.23984040588135;0.797724035217466;3.00990602439659;11000
"522";0.944196263906866;1.21575797004356;0.797724035217466;2.95767826916789;11000
"523";0.875236853214086;1.31705921078681;0.797724035217466;2.99002009921836;11000
"524";0.819393854598243;1.38037143412456;0.852802865422442;3.05256815414524;11000
"525";1.38598489611916;1.74504311129476;0.797724035217466;3.92875204263138;11000
"526";0.789023390885827;1.23984730582171;0.852802865422442;2.88167356212997;11000
"527";1.10655732574506;1.44439460094222;0.797724035217466;3.34867596190475;11000
"528";1.41430216828105;1.47376555244203;0.797724035217466;3.68579175594055;11000
"529";2.01382407419345;1.83788778518962;0.852802865422442;4.70451472480551;10646
"530";0.867778412711935;1.27275803260841;0.904534033733291;3.04507047905363;11000
"531";0.873695030492595;1.25324030873289;0.738548945875996;2.86548428510148;11000
"532";0.862446388453409;1.24906984770868;0.797724035217466;2.90924027137956;11000
"533";1.05591803013337;1.48374786574847;0.738548945875996;3.27821484175783;11000
"534";1.00425258389966;1.28874952330665;0.797724035217466;3.09072614242378;11000
"535";1.05559790177268;1.37148331964484;0.797724035217466;3.22480525663498;11000
"536";1.07996801358701;1.31728883213702;0.852802865422442;3.25005971114647;11000
"537";0.998890576261063;1.38136826723146;0.738548945875996;3.11880778936852;11000
"538";1.05328767657552;1.33254786786786;0.904534033733291;3.29036957817667;11000
"539";1.34821447540092;1.55648403440831;0.738548945875996;3.64324745568523;11000
"540";1.16059174129929;1.39806637408331;0.904534033733291;3.46319214911589;11000
"541";0.749396449759337;1.44297875286093;0.738548945875996;2.93092414849626;11000
"542";0.980337871947942;1.21450646230591;0.904534033733291;3.09937836798714;11000
"543";1.03397314007532;1.27051513284633;0.797724035217466;3.10221230813912;11000
"544";0.84840759958318;1.45559087321993;0.904534033733291;3.2085325065364;11000
"545";0.99159796142718;1.3099180574984;0.797724035217466;3.09924005414305;11000
"546";1.13959036256986;1.45178541057175;0.674199862463242;3.26557563560485;11000
"547";0.89449703461407;1.26225502489119;0.738548945875996;2.89530100538126;11000
"548";0.815411502750072;1.18142320357281;0.852802865422442;2.84963757174533;11000
"549";0.86829088157597;1.35105430770045;0.797724035217466;3.01706922449388;11000
"550";0.848053196793784;1.26344223681287;0.852802865422442;2.96429829902909;11000
"551";0.949408504891033;1.32449654126154;0.904534033733291;3.17843907988586;11000
"552";1.51611589351838;1.51663867718912;0.738548945875996;3.7713035165835;11000
"553";0.910071158321519;1.29819530909526;0.852802865422442;3.06106933283922;11000
"554";0.886260257123866;1.2887087294472;0.852802865422442;3.02777185199351;11000
"555";1.03817557056225;1.35264880753182;0.852802865422442;3.24362724351652;11000
"556";0.83489042869413;1.34455313660771;0.904534033733291;3.08397759903513;11000
"557";1.00827709827568;1.35007320867921;0.797724035217466;3.15607434217236;11000
"558";1.20844400006427;1.50939242794648;0.674199862463242;3.39203629047399;11000
"559";0.8600919015126;1.27326916574254;0.904534033733291;3.03789510098843;11000
"560";0.777165310661964;1.21491601777261;0.953462589245592;2.94554391768016;11000
"561";1.17160480835209;1.50131681629024;0.797724035217466;3.4706456598598;11000
"562";0.657707181897779;1.23328880773283;0.852802865422442;2.74379885505305;11000
"563";0.793849808290581;1.27913951198372;0.904534033733291;2.9775233540076;11000
"564";0.860230574349039;1.29691032094807;0.852802865422442;3.00994376071955;11000
"565";0.817569207847552;1.28416737392847;0.674199862463242;2.77593644423927;11000
"566";1.16261613499684;1.51761400183638;0.852802865422442;3.53303300225566;11000
"567";0.737507712136062;1.49364887835694;0.738548945875996;2.969705536369;11000
"568";1.1002764780758;1.4701027001832;0.904534033733291;3.47491321199229;11000
"569";1.09284082730586;1.49105945671429;0.852802865422442;3.43670314944259;11000
"570";1.15471292733937;1.37870608165381;0.797724035217466;3.33114304421065;11000
"571";1.20152322910976;1.44100876855378;0.603022689155527;3.24555468681906;11000
"572";1.25511011402257;1.59784288996651;0.674199862463242;3.52715286645233;11000
"573";0.763549554405011;1.34552799645813;0.797724035217466;2.90680158608061;11000
"574";0.874469921639144;1.24073669789841;0.852802865422442;2.96800948496;11000
"575";0.968907944152986;1.34985182290598;0.797724035217466;3.11648380227643;11000
"576";1.12814312875919;1.49487448062644;0.852802865422442;3.47582047480807;11000
"577";1.10943341168621;1.30080032147705;0.797724035217466;3.20795776838073;11000
"578";1.32619657347096;1.56544913921679;0.674199862463242;3.56584557515099;11000
"579";1.08343243086711;1.31242528781889;0.797724035217466;3.19358175390347;11000
"580";1.02641562672789;1.45560960061496;0.797724035217466;3.27974926256032;11000
"581";0.699187599633284;1.19317875496581;0.852802865422442;2.74516922002154;11000
"582";0.910970595678454;1.29101160546388;0.904534033733291;3.10651623487563;11000
"583";1.3611815918822;1.64381726104097;0.738548945875996;3.74354779879917;11000
"584";1.87994417956859;2.0076797902749;0.738548945875996;4.62617291571948;10745
"585";0.774739724140808;1.23256461125315;0.797724035217466;2.80502837061142;11000
"586";0.978260445584683;1.30012983976025;0.738548945875996;3.01693923122093;11000
"587";2.22409872700196;2.28343255136014;0.904534033733291;5.41206531209539;10822
"588";1.47912072722111;1.70102320072767;0.738548945875996;3.91869287382478;11000
"589";0.681783916345233;1.2603220857451;0.738548945875996;2.68065494796633;11000
"590";1.31925287794547;1.66641194858824;0.738548945875996;3.7242137724097;11000
"591";0.955838412409472;1.25328135721469;0.904534033733291;3.11365380335746;11000
"592";1.00266303546677;1.34206487183912;0.797724035217466;3.14245194252335;11000
"593";1.05719790165678;1.35225949883243;0.852802865422442;3.26226026591165;11000
"594";0.915876407020487;1.28916542028055;0.904534033733291;3.10957586103433;11000
"595";0.629597606917308;1.2105528836834;0.797724035217466;2.63787452581817;11000
"596";1.03650878791665;1.46193239411646;0.797724035217466;3.29616521725058;11000
"597";1.1067155344207;1.29034601966645;0.797724035217466;3.19478558930461;11000
"598";0.869096952772693;1.4229324959853;0.852802865422442;3.14483231418043;11000
"599";1.09109309426676;1.44026164404912;0.797724035217466;3.32907877353335;11000
"600";1.07717412650152;1.44389957572818;0.738548945875996;3.2596226481057;11000
"601";1.06374359989373;1.36784434184161;0.738548945875996;3.17013688761133;11000
"602";0.795298893717731;1.53740589781685;0.797724035217466;3.13042882675205;11000
"603";1.41086166579613;1.62147368637973;0.738548945875996;3.77088429805185;11000
"604";1.19324175396889;1.59704388335743;0.738548945875996;3.52883458320231;11000
"605";0.992753008577522;1.41923335049957;0.674199862463242;3.08618622154033;11000
"606";1.02702684705806;1.33263548251793;0.797724035217466;3.15738636479345;11000
"607";0.667679449422535;1.17716586361476;0.904534033733291;2.74937934677059;11000
"608";0.995732608041419;1.30494212091006;0.797724035217466;3.09839876416894;11000
"609";1.09240126660661;1.31745698778125;0.797724035217466;3.20758228960533;11000
"610";0.902274640564603;1.24183750628802;0.852802865422442;2.99691501227506;11000
"611";1.32382178860512;1.54797633969354;0.797724035217466;3.66952216351612;11000
"612";0.92257137180307;1.31066100873018;0.904534033733291;3.13776641426654;11000
"613";0.99674701981372;1.32912462921258;0.852802865422442;3.17867451444875;11000
"614";0.842840062843179;1.25068556213286;0.852802865422442;2.94632849039848;11000
"615";0.755647363539655;1.17590917317713;0.738548945875996;2.67010548259278;11000
"616";0.9180518492554;1.42489826588117;0.738548945875996;3.08149906101257;11000
"617";1.18648411704247;1.41223459684871;0.852802865422442;3.45152157931363;11000
"618";0.72858517628645;1.80912403783611;0.904534033733291;3.44224324785585;11000
"619";0.888133907879067;1.22410348365331;0.797724035217466;2.90996142674985;11000
"620";0.986262606570684;1.26310055145064;0.797724035217466;3.04708719323879;11000
"621";1.17141656722675;1.3607702463257;0.674199862463242;3.2063866760157;11000
"622";0.880299709526979;1.34085509545552;0.797724035217466;3.01887884019997;11000
"623";1.13128756700352;1.43186407494129;0.797724035217466;3.36087567716227;11000
"624";1.15224902914459;1.42728518464056;0.797724035217466;3.37725824900262;11000
"625";0.994775273067046;1.39505418119826;0.852802865422442;3.24263231968775;11000
"626";0.963040475886364;1.39483006703239;0.852802865422442;3.2106734083412;11000
"627";1.0322222697145;1.30792176697299;0.852802865422442;3.19294690210993;11000
"628";1.0592361086114;1.34741722960711;0.674199862463242;3.08085320068175;11000
"629";1.02049823438414;1.45795883450386;0.738548945875996;3.217006014764;11000
"630";0.680306124516297;1.42168644400976;0.852802865422442;2.9547954339485;11000
"631";0.977155682923311;1.28343227995716;0.852802865422442;3.11339082830291;11000
"632";1.04729901921015;1.31456725751602;0.797724035217466;3.15959031194364;11000
"633";1.29842394494494;1.57766049531867;0.603022689155527;3.47910712941913;11000
"634";1.25486306155595;1.36456675330277;0.797724035217466;3.41715385007619;11000
"635";0.974740127405471;1.3086443120638;0.797724035217466;3.08110847468674;11000
"636";1.0476815326213;1.48368230233132;0.797724035217466;3.32908787017008;11000
"637";0.943579418650428;1.28685613442116;0.738548945875996;2.96898449894759;11000
"638";1.08658150043924;1.5722563220795;0.852802865422442;3.51164068794118;11000
"639";0.958077652809495;1.35106978892125;0.797724035217466;3.10687147694822;11000
"640";0.82691015047846;1.16447645398139;0.852802865422442;2.8441894698823;11000
"641";0.835633453830525;1.1495391636074;0.797724035217466;2.78289665265539;11000
"642";0.976028901404957;1.34877201740201;0.797724035217466;3.12252495402444;11000
"643";1.3871927801041;1.56232782344873;0.674199862463242;3.62372046601607;11000
"644";1.98200230106467;1.98394762526084;0.852802865422442;4.81875279174794;10946
"645";0.770912689798434;1.37156120039486;0.904534033733291;3.04700792392658;11000
"646";0.948432800293632;1.3424601395012;0.852802865422442;3.14369580521728;11000
"647";0.8447588851496;1.23505598515439;0.904534033733291;2.98434890403728;11000
"648";1.40701092428523;1.54762635043303;0.738548945875996;3.69318622059426;11000
"649";1.36385076248446;1.55022561044723;0.674199862463242;3.58827623539492;11000
"650";1.00250272222478;1.31217797709518;0.852802865422442;3.1674835647424;11000
"651";1.14378147092705;1.60675389213567;0.738548945875996;3.48908430893872;11000
"652";1.85278890805436;2.03310606350813;0.738548945875996;4.62444391743848;10744
"653";1.02729670459976;1.35712869228959;0.797724035217466;3.18214943210681;11000
"654";1.02302573937935;1.35891525858532;0.852802865422442;3.23474386338711;11000
"655";0.951190402022415;1.33407610705621;0.797724035217466;3.08299054429609;11000
"656";0.974824085143651;1.28459433768367;0.852802865422442;3.11222128824977;11000
"657";1.03323652536037;1.28266216604765;0.852802865422442;3.16870155683046;11000
"658";2.19103603223687;1.88876387104138;0.797724035217466;4.87752393849572;10637
"659";0.840783748764111;1.24818064360602;0.852802865422442;2.94176725779258;11000
"660";0.941499834038423;1.39303160784999;0.797724035217466;3.13225547710587;11000
"661";1.1681671502754;1.44062531617762;0.738548945875996;3.34734141232901;11000
"662";1.14106142284985;1.34680327546741;0.738548945875996;3.22641364419325;11000
"663";1.70341441019009;1.68930297160732;0.904534033733291;4.2972514155307;11000
"664";0.780707674690346;1.21826072308767;0.852802865422442;2.85177126320045;11000
"665";1.02924385947898;1.3297495251065;0.852802865422442;3.21179625000791;11000
"666";0.888932997364639;1.44956992306676;0.797724035217466;3.13622695564886;11000
"667";1.07001978397564;1.48075308646112;0.852802865422442;3.40357573585921;11000
"668";0.995040936731759;1.25626373190133;0.852802865422442;3.10410753405553;11000
"669";1.01723907678141;1.33808773717958;0.797724035217466;3.15305084917845;11000
"670";1.08740912728458;1.35302027057247;0.852802865422442;3.2932322632795;11000
"671";0.958283420169688;1.35781375667965;0.738548945875996;3.05464612272533;11000
"672";0.804066790749466;1.5769009579412;0.852802865422442;3.23377061411311;11000
"673";1.19161879920542;1.50806695799172;0.852802865422442;3.55248862261958;11000
"674";1.00100773860259;1.28909834075732;0.852802865422442;3.14290894478234;11000
"675";1.12927513357154;1.41723352030122;0.797724035217466;3.34423268909023;11000
"676";0.944903351698574;1.43680472977476;0.852802865422442;3.23451094689578;11000
"677";1.48628092596103;1.53328443332058;0.603022689155527;3.62258804843714;11000
"678";1.18982849689021;1.42303550402058;0.603022689155527;3.21588669006632;11000
"679";1.46424747506827;1.48205576273042;0.852802865422442;3.79910610322113;11000
"680";0.840296949345402;1.38127886195336;0.904534033733291;3.12610984503205;11000
"681";0.924461764410742;1.28059725224002;0.904534033733291;3.10959305038405;11000
"682";1.04676914174373;1.25097320971609;0.738548945875996;3.03629129733581;11000
"683";1.12331630309644;1.38433944021158;0.738548945875996;3.24620468918402;11000
"684";1.00225925249111;1.37439925267849;0.797724035217466;3.17438254038707;11000
"685";0.721023416004374;1.381347462274;0.797724035217466;2.90009491349584;11000
"686";0.665923522979057;1.42787709869064;0.904534033733291;2.99833465540299;11000
"687";0.906220896568029;1.25971993438231;0.738548945875996;2.90448977682633;11000
"688";0.780831228273563;1.19942002597037;0.953462589245592;2.93371384348953;11000
"689";0.812606711824553;1.35115233544156;0.674199862463242;2.83795890972935;11000
"690";0.831261409857744;1.56594943946025;0.852802865422442;3.25001371474043;11000
"691";1.0454077560839;1.45438443436662;0.797724035217466;3.29751622566798;11000
"692";1.28069931280457;1.4582788354726;0.797724035217466;3.53670218349464;11000
"693";1.21565993867903;1.48626419658561;0.603022689155527;3.30494682442017;11000
"694";0.824442023907905;1.2482531701081;0.852802865422442;2.92549805943845;11000
"695";0.629084295427342;1.11639421713405;0.852802865422442;2.59828137798384;11000
"696";1.09394513429023;1.33946929815986;0.852802865422442;3.28621729787253;11000
"697";0.888645790609525;1.30440515842902;0.797724035217466;2.99077498425601;11000
"698";1.0813944792782;1.34206490709412;0.738548945875996;3.16200833224831;11000
"699";1.2788680777403;1.6219040846284;0.674199862463242;3.57497202483195;11000
"700";1.00240618672095;1.32063142854433;0.797724035217466;3.12076165048274;11000
"701";1.01887697657353;1.33110206169187;0.797724035217466;3.14770307348286;11000
"702";0.961111288121885;1.41232941525517;0.738548945875996;3.11198964925305;11000
"703";1.11290998181226;1.34634082789113;0.797724035217466;3.25697484492086;11000
"704";0.990445896754361;1.43828242832755;0.852802865422442;3.28153119050435;11000
"705";2.1260833789285;1.63177334870768;0.852802865422442;4.61065959305862;10637
"706";1.13142754466276;1.34802498954676;0.852802865422442;3.33225539963196;11000
"707";1.00317655566545;1.34464840955512;0.904534033733291;3.25235899895386;11000
"708";0.842066905627598;1.54886069529938;0.797724035217466;3.18865163614444;11000
"709";0.973958184117499;1.36106749256003;0.797724035217466;3.13274971189499;11000
"710";0.893108743539764;1.352230338836;0.738548945875996;2.98388802825176;11000
"711";1.17290615670689;1.51332920988992;0.852802865422442;3.53903823201924;11000
"712";0.936769388147044;1.54251488722043;0.797724035217466;3.27700831058494;11000
"713";0.92942936048325;1.34536579255321;0.738548945875996;3.01334409891246;11000
"714";1.19024454807494;1.33651886404834;0.738548945875996;3.26531235799928;11000
"715";0.965649838771515;1.28648865091931;0.797724035217466;3.04986252490829;11000
"716";0.826126314635567;1.27962151403862;0.904534033733291;3.01028186240747;11000
"717";1.09744732370964;1.40612059263966;0.797724035217466;3.30129195156676;11000
"718";0.982610112540076;1.45365505795914;0.852802865422442;3.28906803592166;11000
"719";0.720923962846349;1.25576759066207;0.852802865422442;2.82949441893086;11000
"720";0.951013802529904;1.30848401081917;0.904534033733291;3.16403184708237;11000
"721";0.849869571929879;1.14052626618482;0.852802865422442;2.84319870353715;11000
"722";1.34481920630336;1.62602537102182;0.603022689155527;3.5738672664807;11000
"723";0.895683512652603;1.28131489516804;0.797724035217466;2.97472244303811;11000
"724";0.72959122604608;1.57069240371105;0.738548945875996;3.03883257563313;11000
"725";1.10281098121135;1.44534084497889;0.738548945875996;3.28670077206623;11000
"726";0.905840542745833;1.38170095440333;0.797724035217466;3.08526553236663;11000
"727";0.602550693210257;1.37812867272028;0.738548945875996;2.71922831180653;11000
"728";0.735999965704311;1.57053563605417;0.738548945875996;3.04508454763447;11000
"729";0.978065760976936;1.26823951814121;0.738548945875996;2.98485422499414;11000
"730";0.837220348208457;1.34181586461031;0.797724035217466;2.97676024803623;11000
"731";0.965222264098967;1.34720417250586;0.797724035217466;3.11015047182229;11000
"732";0.923244057751989;1.38131224379;0.852802865422442;3.15735916696443;11000
"733";0.714952735340678;1.523034676212;0.852802865422442;3.09079027697512;11000
"734";0.998638703883091;1.41393718931484;0.738548945875996;3.15112483907392;11000
"735";1.06660571181276;1.35751551778013;0.738548945875996;3.16267017546888;11000
"736";1.17461733172562;1.36391890161211;0.738548945875996;3.27708517921372;11000
"737";0.967023105734025;1.27762401678192;0.904534033733291;3.14918115624923;11000
"738";1.23109534758862;1.55090572362932;0.797724035217466;3.57972510643541;11000
"739";0.979757955108452;1.31765414578612;0.674199862463242;2.97161196335781;11000
"740";1.08687347066151;1.39217034111721;0.738548945875996;3.21759275765471;11000
"741";1.13299740281005;1.48772322598775;0.797724035217466;3.41844466401527;11000
"742";1.0784127133939;1.46698427635989;0.797724035217466;3.34312102497125;11000
"743";0.916106389641731;1.38490561970504;0.738548945875996;3.03956095522277;11000
"744";0.875400297491808;1.27802959069027;0.852802865422442;3.00623275360452;11000
"745";0.994549327581793;1.29737386310177;0.738548945875996;3.03047213655956;11000
"746";0.884052949474939;1.38972432355267;0.852802865422442;3.12658013845005;11000
"747";0.701774491320058;1.53809489810013;0.904534033733291;3.14440342315348;11000
"748";0.895907806358998;1.2905508473767;0.797724035217466;2.98418268895316;11000
"749";1.06315163386572;1.40298049826661;0.797724035217466;3.26385616734979;11000
"750";0.984141500362244;1.44784820933887;0.738548945875996;3.17053865557711;11000
"751";1.17376638204845;1.50123368430977;0.674199862463242;3.34919992882146;11000
"752";1.53808742649851;1.5828717643733;0.852802865422442;3.97376205629425;11000
"753";1.04296508202396;1.35270093755409;0.797724035217466;3.19339005479552;11000
"754";1.15753041800303;1.3109968471229;0.738548945875996;3.20707621100193;11000
"755";1.3140055800397;1.47782873527459;0.738548945875996;3.53038326119029;11000
"756";0.834989123658176;1.404064698381;0.904534033733291;3.14358785577246;11000
"757";1.08042495516565;1.44147572584316;0.797724035217466;3.31962471622627;11000
"758";1.23475692250445;1.40229326569076;0.797724035217466;3.43477422341267;11000
"759";0.827679871925431;1.36964598315794;0.674199862463242;2.87152571754661;11000
"760";0.877808844909007;1.2811414418155;0.674199862463242;2.83315014918775;11000
"761";1.11205723708445;1.41596886636374;0.852802865422442;3.38082896887063;11000
"762";0.840208451442138;1.25105482255501;0.738548945875996;2.82981221987314;11000
"763";1.18985401290592;1.53248631143869;0.904534033733291;3.6268743580779;11000
"764";1.07930893492992;1.27196512268978;0.797724035217466;3.14899809283717;11000
"765";0.819305500472053;1.26113270940211;0.852802865422442;2.9332410752966;11000
"766";0.65458224674835;1.25277335557498;0.797724035217466;2.7050796375408;11000
"767";0.813827659781177;1.26861315201936;0.852802865422442;2.93524367722298;11000
"768";1.21870408515371;1.49973153962284;0.674199862463242;3.3926354872398;11000
"769";1.33489446644386;1.48043273249268;0.738548945875996;3.55387614481254;11000
"770";0.923428754186148;1.32811903998872;0.738548945875996;2.99009674005086;11000
"771";1.08914408564849;1.4807721073493;0.738548945875996;3.30846513887379;11000
"772";0.698858263485154;1.63772709208428;0.797724035217466;3.1343093907869;11000
"773";1.22495048201681;1.49977143783351;0.797724035217466;3.52244595506779;11000
"774";0.859044359094893;1.25360865929409;0.674199862463242;2.78685288085223;11000
"775";0.853039490171891;1.38545495778769;0.738548945875996;2.97704339383558;11000
"776";1.45257546437222;1.59068631327766;0.674199862463242;3.71746164011312;11000
"777";0.822107477958528;1.41616284539908;0.904534033733291;3.1428043570909;11000
"778";0.81229352359832;1.18768687753366;0.852802865422442;2.85278326655442;11000
"779";1.18047306488936;1.40085914056574;0.852802865422442;3.43413507087754;11000
"780";0.790991003569254;1.41896807077189;0.738548945875996;2.94850802021714;11000
"781";0.932686846238133;1.40810252694637;0.852802865422442;3.19359223860694;11000
"782";0.658272074099266;1.31001343156588;0.797724035217466;2.76600954088261;11000
"783";0.91858113511386;1.26022741837791;0.674199862463242;2.85300841595502;11000
"784";0.75224081984148;1.27291558440445;0.603022689155527;2.62817909340145;11000
"785";1.40846046782628;1.49939699242573;0.797724035217466;3.70558149546948;11000
"786";1.71353902346227;2.09970949479203;0.852802865422442;4.66605138367674;10816
"787";0.874364217290185;1.25767677838897;0.852802865422442;2.9848438611016;11000
"788";1.17075785693033;1.40528043576354;0.852802865422442;3.42884115811632;11000
"789";0.829757429340096;1.24847748887195;0.797724035217466;2.87595895342951;11000
"790";1.30410368419908;1.52702727511099;0.797724035217466;3.62885499452754;11000
"791";1.19632525450643;1.50232273477281;0.738548945875996;3.43719693515523;11000
"792";0.869694814200781;1.49373262233171;0.797724035217466;3.16115147174996;11000
"793";0.825988506007688;1.49614508277384;0.904534033733291;3.22666762251482;11000
"794";0.932324450978312;1.25962048498297;0.797724035217466;2.98966897117875;11000
"795";0.905281847134902;1.23934581185588;0.738548945875996;2.88317660486678;11000
"796";1.01236349974412;1.37438999315293;0.852802865422442;3.23955635831949;11000
"797";1.08055473414108;1.47402926660382;0.904534033733291;3.45911803447819;11000
"798";0.707372181339398;1.19635331817375;0.852802865422442;2.75652836493559;11000
"799";1.2679114332729;1.47339612063896;0.522232967867094;3.26354052177896;11000
"800";0.982523647443344;1.30813043656303;0.852802865422442;3.14345694942881;11000
"801";0.747664026510899;1.10428029020182;0.797724035217466;2.64966835193018;11000
"802";1.0786792788724;1.39187966970811;0.738548945875996;3.2091078944565;11000
"803";1.01562285012664;1.33936699179658;0.797724035217466;3.15271387714068;11000
"804";2.03128021723311;1.74273216175731;0.797724035217466;4.57173641420789;10646
"805";0.929093450823903;1.3164283078926;0.797724035217466;3.04324579393397;11000
"806";0.937083781196177;1.31683407432568;0.953462589245592;3.20738044476745;11000
"807";0.900990250989866;1.24442953477677;0.852802865422442;2.99822265118908;11000
"808";1.11629409553932;1.73487355428973;0.738548945875996;3.58971659570505;11000
"809";0.916511623141383;1.41169805817668;0.738548945875996;3.06675862719406;11000
"810";1.16482797053248;1.36544652175773;0.738548945875996;3.26882343816621;11000
"811";0.960651846382755;1.39324222101339;0.953462589245592;3.30735665664174;11000
"812";1.29529701704091;1.49990512211445;0.738548945875996;3.53375108503136;11000
"813";0.758741337261355;1.35536159216963;0.904534033733291;3.01863696316428;11000
"814";1.13361104399928;1.40556889685119;0.953462589245592;3.49264253009606;11000
"815";0.723022472855084;1.87915705362846;0.674199862463242;3.27637938894678;11000
"816";0.683812615975617;1.17710924826564;0.904534033733291;2.76545589797455;11000
"817";0.809908741495378;1.75499194008833;0.738548945875996;3.3034496274597;11000
"818";1.31243063919439;1.62787669639339;0.797724035217466;3.73803137080524;11000
"819";0.779908343045116;1.18996207450648;0.904534033733291;2.87440445128489;11000
"820";0.790993054069267;1.22037175115353;0.852802865422442;2.86416767064524;11000
"821";1.05179355150525;1.30417340884332;0.852802865422442;3.20876982577101;11000
"822";1.09405679486612;1.41149340500371;0.797724035217466;3.3032742350873;11000
"823";0.651317863967148;1.20503036220907;0.852802865422442;2.70915109159866;11000
"824";1.01389464217424;1.34687419492114;0.797724035217466;3.15849287231284;11000
"825";0.754094167969028;1.38938541765914;0.797724035217466;2.94120362084564;11000
"826";0.840576591717618;1.36502778710451;0.738548945875996;2.94415332469812;11000
"827";1.02351482500364;1.39533206679195;0.738548945875996;3.15739583767159;11000
"828";0.831196153265419;1.372249375851;0.852802865422442;3.05624839453886;11000
"829";1.16326772013671;1.37035062412887;0.738548945875996;3.27216729014157;11000
"830";0.802192674201787;1.29070798232039;0.852802865422442;2.94570352194462;11000
"831";0.941628794669206;1.24940639337512;0.797724035217466;2.98875922326179;11000
"832";0.950504259542551;1.29201363455609;0.904534033733291;3.14705192783193;11000
"833";0.566533142803831;1.69318677578531;0.738548945875996;2.99826886446514;11000
"834";1.00873929342907;1.28390042926563;0.852802865422442;3.14544258811714;11000
"835";1.12851243486957;1.36457992720195;0.674199862463242;3.16729222453477;11000
"836";0.899824281535502;1.40240126154468;0.738548945875996;3.04077448895618;11000
"837";1.14921553160821;1.48760174935133;0.738548945875996;3.37536622683554;11000
"838";1.20074469693529;1.50888232424609;0.738548945875996;3.44817596705738;11000
"839";0.879262921143387;1.60837947659591;0.852802865422442;3.34044526316174;11000
"840";1.09920373310172;1.34188888922596;0.797724035217466;3.23881665754515;11000
"841";1.01060742826669;1.38647115486871;0.797724035217466;3.19480261835287;11000
"842";1.05230440878911;1.33249379873717;0.797724035217466;3.18252224274375;11000
"843";0.984475233492824;1.38045886450413;0.738548945875996;3.10348304387295;11000
"844";0.782824185954384;1.36941991824879;0.797724035217466;2.94996813942064;11000
"845";0.92141484493785;1.23153347653176;0.797724035217466;2.95067235668708;11000
"846";1.59239315995585;1.64688788211563;0.603022689155527;3.84230373122701;11000
"847";1.22867941198929;1.58724536433689;0.904534033733291;3.72045881005947;11000
"848";1.00606807425635;1.28235135113915;0.797724035217466;3.08614346061296;11000
"849";0.822274655067754;1.30955806821632;0.904534033733291;3.03636675701736;11000
"850";0.801383065163671;1.3469295529877;0.904534033733291;3.05284665188466;11000
"851";0.685015833310786;1.386395898022;0.738548945875996;2.80996067720878;11000
"852";1.09178831801369;1.3649414131394;0.797724035217466;3.25445376637055;11000
"853";0.816297391889392;1.33223086997051;0.797724035217466;2.94625229707737;11000
"854";0.742605784070197;1.38356314335149;0.797724035217466;2.92389296263915;11000
"855";1.07382406393019;1.44414010377017;0.738548945875996;3.25651311357635;11000
"856";1.0312538215536;1.34735648096155;0.852802865422442;3.23141316793759;11000
"857";1.0640664421338;1.4002071391057;0.852802865422442;3.31707644666194;11000
"858";0.731529364861183;1.36535303741595;0.852802865422442;2.94968526769958;11000
"859";0.873844241077714;1.30761895222235;0.852802865422442;3.0342660587225;11000
"860";1.19480104785258;1.44098221631818;0.674199862463242;3.30998312663401;11000
"861";0.901172875265796;1.30865394377169;0.797724035217466;3.00755085425496;11000
"862";1.18601736140127;1.48652825191534;0.797724035217466;3.47026964853408;11000
"863";0.955163193991406;1.42490567825054;0.797724035217466;3.17779290745941;11000
"864";0.921751618145828;1.33498696139987;0.738548945875996;2.9952875254217;11000
"865";2.01236233672483;1.64828838440105;0.797724035217466;4.45837475634335;10646
"866";1.21904859110192;1.32510165527258;0.738548945875996;3.2826991922505;11000
"867";0.872009647906471;1.26368981938046;0.738548945875996;2.87424841316293;11000
"868";1.12246871336938;1.40276209775475;0.797724035217466;3.32295484634159;11000
"869";0.758269214263104;1.2448494132267;0.797724035217466;2.80084266270727;11000
"870";0.905860220623322;1.36993892340556;0.852802865422442;3.12860200945133;11000
"871";1.13442410909683;1.42241148389295;0.797724035217466;3.35455962820725;11000
"872";0.947937370143793;1.40185569973319;0.738548945875996;3.08834201575298;11000
"873";0.877334786742392;1.37454867683673;0.738548945875996;2.99043240945512;11000
"874";1.11320716394942;1.33082740730859;0.738548945875996;3.182583517134;11000
"875";1.1434494873464;1.38173041024266;0.852802865422442;3.3779827630115;11000
"876";1.2589634137128;1.49294081884005;0.738548945875996;3.49045317842885;11000
"877";0.966196657920435;1.32087480288533;0.852802865422442;3.13987432622821;11000
"878";0.836764266437662;1.25093946854709;0.904534033733291;2.99223776871804;11000
"879";0.918882845100033;1.33379442018121;0.797724035217466;3.05040130049871;11000
"880";0.878416431274;1.25791755063367;0.852802865422442;2.98913684733011;11000
"881";0.708905858858819;1.43468247388134;0.904534033733291;3.04812236647345;11000
"882";1.47019563370343;1.42981084884383;0.852802865422442;3.7528093479697;11000
"883";1.07733034586083;1.38335191350309;0.797724035217466;3.25840629458138;11000
"884";0.883578358910573;1.33909517517491;0.904534033733291;3.12720756781878;11000
"885";1.07591967887941;1.27865844163904;0.738548945875996;3.09312706639445;11000
"886";1.07908587470775;1.42441671521166;0.852802865422442;3.35630545534184;11000
"887";1.2736134399534;1.49802946269313;0.738548945875996;3.51019184852252;11000
"888";0.752472681405495;1.27863368788275;0.852802865422442;2.88390923471069;11000
"889";1.02888548264787;1.59064130738702;0.797724035217466;3.41725082525235;11000
"890";0.786652607366001;1.25361139529381;0.797724035217466;2.83798803787728;11000
"891";1.46504381418279;1.6165803471942;0.797724035217466;3.87934819659445;11000
"892";0.857838623229056;1.52613962530332;0.797724035217466;3.18170228374984;11000
"893";0.998786371705359;1.28789178269117;0.852802865422442;3.13948101981897;11000
"894";1.00091118843576;1.45168628151119;0.904534033733291;3.35713150368023;11000
"895";0.830182509453126;1.31004747901359;0.852802865422442;2.99303285388916;11000
"896";1.43146316141431;1.5056151550389;0.674199862463242;3.61127817891645;11000
"897";1.0723598755039;1.3984068111729;0.738548945875996;3.20931563255279;11000
"898";0.724433034485666;1.12239242666787;0.852802865422442;2.69962832657598;11000
"899";1.08162541426662;1.37857685495906;0.738548945875996;3.19875121510168;11000
"900";1.10275116661097;1.38734779802468;0.603022689155527;3.09312165379118;11000
"901";1.02506932021895;1.49231819459486;0.603022689155527;3.12041020396933;11000
"902";1.19710643260071;1.43990498513388;0.797724035217466;3.43473545295206;11000
"903";0.858575233082165;1.44384448253105;0.904534033733291;3.20695374934651;11000
"904";1.05389338441487;1.49348576712726;0.852802865422442;3.40018201696457;11000
"905";1.85671901364489;1.53262635669827;0.797724035217466;4.18706940556062;11000
"906";0.786179602335796;1.28192072057149;0.904534033733291;2.97263435664058;11000
"907";0.972317761998337;1.31769549424982;0.904534033733291;3.19454728998145;11000
"908";0.870993722644664;1.39525990575582;0.738548945875996;3.00480257427648;11000
"909";1.15958610898029;1.38418508991578;0.738548945875996;3.28232014477207;11000
"910";1.06759975354966;1.4145607684495;0.797724035217466;3.27988455721662;11000
"911";1.15161711237376;1.34709940594358;0.738548945875996;3.23726546419334;11000
"912";0.860780888735207;1.48923036184223;0.852802865422442;3.20281411599988;11000
"913";0.907840614952189;1.30503056572992;0.738548945875996;2.95142012655811;11000
"914";1.01520520988915;1.40829053096387;0.797724035217466;3.22121977607049;11000
"915";1.08896062954306;1.31272275473639;0.852802865422442;3.25448624970189;11000
"916";1.21125949697793;1.57681026311491;0.797724035217466;3.58579379531031;11000
"917";0.946528936565899;1.24060190282565;0.738548945875996;2.92567978526755;11000
"918";0.812071102150879;1.24989169295316;0.797724035217466;2.8596868303215;11000
"919";0.858264244932212;1.25324633337718;0.852802865422442;2.96431344373184;11000
"920";1.42870531541279;1.55868925186325;0.797724035217466;3.7851186024935;11000
"921";1.35717877785688;1.52804303428564;0.674199862463242;3.55942167460576;11000
"922";1.02755219730986;1.36128395271009;0.797724035217466;3.18656018523741;11000
"923";1.0281997476831;1.43546270660429;0.797724035217466;3.26138648950486;11000
"924";0.944431201433122;1.22570174486259;0.674199862463242;2.84433280875895;11000
"925";0.82593114143643;1.20885376519455;0.852802865422442;2.88758777205342;11000
"926";1.1375690794448;1.44401434617882;0.797724035217466;3.37930746084109;11000
"927";0.990342854610288;1.25377052964323;0.797724035217466;3.04183741947099;11000
"928";0.864095503800617;1.25395203684319;0.797724035217466;2.91577157586127;11000
"929";0.954903057733002;1.48849639078373;0.852802865422442;3.29620231393917;11000
"930";0.970692997880082;1.29364133118602;0.852802865422442;3.11713719448854;11000
"931";1.0617302364317;1.29225711392107;0.738548945875996;3.09253629622877;11000
"932";0.960075847342978;1.25805386619413;0.797724035217466;3.01585374875457;11000
"933";1.20418289102963;1.45209221287876;0.738548945875996;3.39482404978439;11000
"934";1.09458102582985;1.34550319214511;0.797724035217466;3.23780825319242;11000
"935";0.946128369768355;1.25266116351908;0.852802865422442;3.05159239870987;11000
"936";0.981083517650216;1.23423527300197;0.904534033733291;3.11985282438547;11000
"937";0.955374411921085;1.27333780505358;0.904534033733291;3.13324625070795;11000
"938";0.905696823111313;1.34414666867289;0.904534033733291;3.1543775255175;11000
"939";1.18869337850786;1.4274984749488;0.603022689155527;3.21921454261219;11000
"940";1.17559078701297;1.47552562564509;0.797724035217466;3.44884044787552;11000
"941";0.917529198117629;1.19913297399952;0.738548945875996;2.85521111799314;11000
"942";1.05166129281086;1.36368180689848;0.904534033733291;3.31987713344263;11000
"943";1.18666468183637;1.46963339939075;0.738548945875996;3.39484702710312;11000
"944";0.911097650791809;1.20973313910886;0.797724035217466;2.91855482511814;11000
"945";0.943158973569892;1.42810055650748;0.852802865422442;3.22406239549982;11000
"946";0.74815540202645;1.17247980698874;0.738548945875996;2.65918415489119;11000
"947";0.700090689300333;1.25051518769949;0.904534033733291;2.85513991073311;11000
"948";1.04297532559323;1.31010686125947;0.904534033733291;3.257616220586;11000
"949";0.833789359835106;1.31243830205159;0.953462589245592;3.09969025113229;11000
"950";0.818738953687936;1.25879104300179;0.738548945875996;2.81607894256572;11000
"951";1.16449150960615;1.43861673167378;0.797724035217466;3.4008322764974;11000
"952";0.79115955765365;1.26494099352101;0.797724035217466;2.85382458639213;11000
"953";1.05878320263321;1.34769633563016;0.797724035217466;3.20420357348083;11000
"954";1.08144640320536;1.3398518025747;0.797724035217466;3.21902224099753;11000
"955";1.00746977010157;1.37404180976283;0.797724035217466;3.17923561508186;11000
"956";0.744549676697048;1.32304704141605;0.904534033733291;2.97213075184639;11000
"957";0.837957515809263;1.42683470882519;0.797724035217466;3.06251625985192;11000
"958";1.03087506265667;1.38470519466665;0.852802865422442;3.26838312274576;11000
"959";0.655473447053882;1.36310067913109;0.852802865422442;2.87137699160741;11000
"960";0.456940895836821;1.79632758572997;0.852802865422442;3.10607134698923;11000
"961";1.35911053067686;1.52307849205371;0.738548945875996;3.62073796860657;11000
"962";0.727274419867874;1.32892692363806;0.797724035217466;2.8539253787234;11000
"963";1.12182517951083;1.45281969280677;0.797724035217466;3.37236890753506;11000
"964";1.07680090510232;1.34060377784442;0.738548945875996;3.15595362882274;11000
"965";0.82158517889489;1.22027749020733;0.738548945875996;2.78041161497821;11000
"966";0.933694591631607;1.29289277784959;0.953462589245592;3.18004995872679;11000
"967";1.10874730406578;1.56353240374967;0.738548945875996;3.41082865369145;11000
"968";0.937892932189449;1.33580979148616;0.797724035217466;3.07142675889308;11000
"969";0.996139139727278;1.29962311994315;0.852802865422442;3.14856512509287;11000
"970";0.784375284665702;1.24084912091038;0.852802865422442;2.87802727099852;11000
"971";0.736180164982053;1.49728778909309;0.904534033733291;3.13800198780843;11000
"972";0.913562006710318;1.21658612814487;0.852802865422442;2.98295100027763;11000
"973";1.00889944587909;1.26371886618319;0.674199862463242;2.94681817452552;11000
"974";0.771101064959985;1.53687111938448;0.852802865422442;3.16077504976691;11000
"975";1.0055843906803;1.3531279598448;0.797724035217466;3.15643638574257;11000
"976";0.741448309793062;1.20840225293262;0.852802865422442;2.80265342814812;11000
"977";1.18822002675137;1.34511270183185;0.797724035217466;3.33105676380068;11000
"978";1.08391378826108;1.31832044462403;0.797724035217466;3.19995826810257;11000
"979";0.706302738940128;1.53523307708843;0.674199862463242;2.9157356784918;11000
"980";0.965105180987967;1.28322544717627;0.904534033733291;3.15286466189753;11000
"981";1.00022111937182;1.35835823710197;0.852802865422442;3.21138222189623;11000
"982";1.03425735352803;1.31840235834684;0.674199862463242;3.02685957433812;11000
"983";1.44595919109889;1.70956935884142;0.738548945875996;3.89407749581631;11000
"984";0.938796397559458;1.26453352632811;0.797724035217466;3.00105395910503;11000
"985";0.989319676043608;1.3657268506693;0.797724035217466;3.15277056193037;11000
"986";0.740584469922662;1.12968054535976;0.738548945875996;2.60881396115841;11000
"987";0.804782630180966;1.18398238430737;0.904534033733291;2.89329904822162;11000
"988";0.779859074342676;1.39691833560203;0.904534033733291;3.081311443678;11000
"989";0.872524017912844;1.25841879378747;0.852802865422442;2.98374567712276;11000
"990";0.908583990378;1.30370660301623;0.904534033733291;3.11682462712752;11000
"991";1.05172160622066;1.25623173960054;0.852802865422442;3.16075621124364;11000
"992";1.0165659506253;1.30006927842065;0.797724035217466;3.11435926426341;11000
"993";1.08170661204814;1.30579549454291;0.797724035217466;3.18522614180851;11000
"994";1.13403004089581;1.34309247182692;0.738548945875996;3.21567145859872;11000
"995";0.921714607294057;1.30391194962395;0.852802865422442;3.07842942234045;11000
"996";1.00249932673027;1.39116860457568;0.852802865422442;3.24647079672839;11000
"997";1.15916959444998;1.46241320050313;0.852802865422442;3.47438566037555;11000
"998";1.333902598108;1.44154243013789;0.797724035217466;3.57316906346335;11000
"999";0.74381437878014;1.33668637748407;0.797724035217466;2.87822479148168;11000
"1000";1.0391244694294;1.34117422591169;0.852802865422442;3.23310156076354;11000
