"Abundance";"Amplitude";"Phenology";"Diff"
"1";11.594277543468;11.3075756656372;7;29.9018532091052
"2";12.5741403607239;11.2140640134868;7;30.7882043742108
"3";11.9901259832751;11.36939010344;8;31.3595160867151
"4";13.2234679567183;11.9390305556993;7;32.1624985124175
"5";11.6810163139686;11.3609576136472;7;30.0419739276158
"6";13.02223110466;12.0417704197283;7;32.0640015243883
"7";12.7108436209847;11.7078896836891;8;32.4187333046738
"8";12.5457223307634;11.5405195320464;8;32.0862418628098
"9";12.5440506926053;11.6843690132622;7;31.2284197058675
"10";11.8519542608006;11.428563720605;8;31.2805179814057
"11";11.5245281198618;11.2623263962611;7;29.7868545161229
"12";12.8659563564314;11.9126817638873;8;32.7786381203187
"13";12.171060951483;11.1987261454858;7;30.3697870969688
"14";13.0201911916434;11.8330000259806;7;31.853191217624
"15";11.6932367088378;11.2844154406457;8;30.9776521494835
"16";12.133224376011;11.3679481179746;7;30.5011724939856
"17";11.7167411333116;11.2853521685536;7;30.0020933018652
"18";13.3001682792298;11.9626680221495;7;32.2628363013793
"19";13.9437729775599;12.9085052660843;8;34.8522782436442
"20";11.607962216954;11.0997464599501;8;30.7077086769041
"21";11.7802371708279;11.26473132126;7;30.044968492088
"22";13.911660144817;12.7312732547987;7;33.6429333996157
"23";13.6814335910761;12.1705413427845;8;33.8519749338607
"24";13.4471058545622;12.1574451871389;8;33.6045510417011
"25";11.1206819584894;10.9266196160844;7;29.0473015745738
"26";13.1140584620812;11.8337559002092;8;32.9478143622904
"27";12.84206842186;11.5615142427349;7;31.4035826645948
"28";11.6407162873478;11.0651980151799;7;29.7059143025277
"29";12.4849124844938;11.4843279483107;8;31.9692404328045
"30";12.8056885005288;11.9449425692272;8;32.7506310697561
"31";11.9382106355252;11.4612862432169;7;30.3994968787421
"32";11.7089314854624;11.2838786898829;8;30.9928101753453
"33";11.9878630201123;11.3926185332577;8;31.3804815533701
"34";12.2683962064949;11.1512746300947;7;30.4196708365896
"35";13.1488826758181;11.7925050136584;8;32.9413876894765
"36";11.5641665848012;11.0377253634621;7;29.6018919482633
"37";13.053148035393;11.642105543112;7;31.695253578505
"38";11.464677162777;11.2303784972589;7;29.6950556600359
"39";13.11455845618;11.7960114276812;8;32.9105698838612
"40";12.4134070169258;11.536567983079;7;30.9499750000048
"41";10.9687987382616;10.7776953456545;7;28.7464940839161
"42";14.8766369228833;13.2990979168115;8;36.1757348396948
"43";13.54350719629;12.1089613052126;8;33.6524685015026
"44";11.0087551213072;10.7302882588162;7;28.7390433801234
"45";12.5108896674087;11.5337136383302;8;32.0446033057389
"46";11.5251969508368;11.2284179122216;7;29.7536148630584
"47";11.8709415469868;11.2196692854365;7;30.0906108324233
"48";12.789300083216;11.6118623973244;8;32.4011624805404
"49";11.6673433526622;11.2094610363757;8;30.876804389038
"50";14.0273116128276;12.866554299722;8;34.8938659125496
"51";11.8243217702446;11.5514947387119;7;30.3758165089564
"52";13.2462287675964;12.330896661641;7;32.5771254292374
"53";11.3230674329566;11.1746228208335;7;29.49769025379
"54";12.8609142679693;11.6896263068897;8;32.550540574859
"55";13.5539424540918;12.1569962403796;7;32.7109386944714
"56";12.0899418016101;11.445076031158;7;30.5350178327681
"57";13.9574008295363;12.4073440481953;8;34.3647448777316
"58";12.4932077455781;11.7307111601832;7;31.2239189057613
"59";12.3825242330807;11.3962393332433;8;31.7787635663239
"60";10.7903905019202;10.6955107406986;7;28.4859012426188
"61";11.466804992757;11.366268167134;7;29.833073159891
"62";13.1642799783505;11.9783011166247;8;33.1425810949752
"63";13.2741166644529;11.7880574955126;7;32.0621741599656
"64";15.0068054586613;13.217614709053;8;36.2244201677143
"65";12.4838560968434;11.6157210229475;7;31.0995771197909
"66";11.7555890151861;11.1314229465837;7;29.8870119617698
"67";14.5810818621633;13.2725595485569;8;35.8536414107202
"68";14.1407146496498;12.7034933160404;8;34.8442079656902
"69";14.6200432282412;13.2867714097361;8;35.9068146379773
"70";12.3493717029981;11.1293432367974;7;30.4787149397955
"71";11.2443749685406;10.893975441293;7;29.1383504098337
"72";10.9164244576145;10.8662389843677;7;28.7826634419822
"73";11.3335659724025;10.9605757251709;7;29.2941416975735
"74";11.5597082718984;11.2789227356352;7;29.8386310075335
"75";11.8251688657292;11.3778767310855;7;30.2030455968147
"76";12.3813853875314;11.4946878284496;7;30.8760732159811
"77";12.7251627244087;11.8168505815625;9;33.5420133059712
"78";13.4678708547584;12.1079251964086;8;33.575796051167
"79";12.1863804512951;11.2727412949006;7;30.4591217461957
"80";11.1214490534451;10.7732125725579;7;28.894661626003
"81";11.4645509715059;10.7797698745982;8;30.2443208461041
"82";11.4506446406087;11.265120127628;7;29.7157647682368
"83";14.7926516105108;13.4906671213772;8;36.283318731888
"84";12.0546606901891;11.3598425408958;7;30.4145032310849
"85";13.1240982211966;12.1415984038781;9;34.2656966250747
"86";12.0322228559697;11.0753480829564;7;30.1075709389261
"87";12.0958519830377;11.5356173751644;8;31.6314693582021
"88";11.5196215401194;11.2570703795758;7;29.7766919196952
"89";13.4864048889329;12.0475484776623;7;32.5339533665952
"90";13.1440163677977;11.9223640424479;8;33.0663804102456
"91";13.5166223723454;12.1226909074558;8;33.6393132798012
"92";11.4440790603188;11.1194393399136;7;29.5635184002324
"93";11.3144370910453;11.2250981954571;7;29.5395352865025
"94";12.1196845117143;11.5584963214108;7;30.6781808331252
"95";13.0635271750139;11.8600201525604;7;31.9235473275742
"96";13.5800666687415;12.0256922341297;8;33.6057589028712
"97";11.123408181199;10.7409554484611;7;28.8643636296601
"98";13.8703163415646;12.8496785191078;8;34.7199948606724
"99";11.3306543213099;11.0696002845385;7;29.4002546058484
"100";11.0251522568147;10.9393350565066;7;28.9644873133212
"101";13.5104776924727;11.8578477715879;7;32.3683254640606
"102";10.9808067773247;10.9304082652279;7;28.9112150425526
"103";12.3962796757676;11.6440169403722;7;31.0402966161398
"104";13.7255825690659;13.004152460001;8;34.7297350290669
"105";10.8388668721051;11.0482576513973;7;28.8871245235024
"106";12.4461557997006;11.8172691956433;8;32.2634249953439
"107";11.224508752602;11.1206506173814;7;29.3451593699834
"108";11.2851579247171;11.0236855654329;7;29.30884349015
"109";12.0029979675601;11.4925808049325;7;30.4955787724926
"110";13.9103774649719;13.1329337277328;7;34.0433111927047
"111";13.9128728898773;12.8624472308706;8;34.7753201207479
"112";11.7396880126867;11.3391045373724;7;30.0787925500591
"113";11.6452971760703;11.3709273577254;7;30.0162245337957
"114";11.5288513481213;11.2060384822754;7;29.7348898303967
"115";11.2631054445812;11.0757598102922;8;30.3388652548734
"116";11.9588343619001;11.2430590024129;7;30.201893364313
"117";11.6986516519947;11.3088767260133;8;31.007528378008
"118";11.4901112736123;11.2727108567719;7;29.7628221303841
"119";12.4748421900957;11.1733535969349;7;30.6481957870306
"120";13.151910744986;12.1215463050052;8;33.2734570499911
"121";11.0067195217175;11.1273347359604;7;29.1340542576779
"122";11.269602436286;11.0208272519108;7;29.2904296881968
"123";12.7779975043061;11.9362597086845;8;32.7142572129907
"124";10.81711840168;10.8740249920405;7;28.6911433937205
"125";11.1048604622066;10.8044362498931;7;28.9092967120998
"126";15.6956110567691;13.4496850931463;7;36.1452961499154
"127";14.7549996889464;13.2037157498585;8;35.9587154388049
"128";12.3963826933163;11.6857894642076;7;31.0821721575238
"129";11.2397708678703;11.1194312773089;7;29.3592021451793
"130";11.5182420037986;10.8668028913692;8;30.3850448951678
"131";11.8334012860651;11.4322085349122;7;30.2656098209773
"132";11.3835131147399;10.8852899814757;7;29.2688030962156
"133";12.2064166488926;11.4721025935346;7;30.6785192424272
"134";13.8247450366606;12.3929548666119;7;33.2176999032725
"135";14.8745966692483;13.3220752121903;7;35.1966718814386
"136";13.222530498334;11.8479127404107;7;32.0704432387447
"137";11.3000970181317;10.8502974294914;7;29.1503944476231
"138";11.4660076142553;11.2576379890469;7;29.7236456033022
"139";11.6035803967678;11.1318486536356;7;29.7354290504034
"140";13.1162319037714;12.1978780761809;7;32.3141099799523
"141";11.9051929467559;11.3202615846946;7;30.2254545314504
"142";11.543206549103;11.0634352531152;7;29.6066418022182
"143";13.0329159631711;11.7568025730317;8;32.7897185362028
"144";11.7774967213142;11.4321701766095;7;30.2096668979237
"145";13.6972190710514;12.7217448049259;8;34.4189638759773
"146";12.893425815621;11.7147524950798;7;31.6081783107009
"147";12.9748658512053;11.8766138833273;8;32.8514797345325
"148";11.9934422408896;11.4116578436794;7;30.405100084569
"149";11.6884086389508;11.1298527061907;8;30.8182613451415
"150";12.5173845857795;11.8251224140616;7;31.3425069998411
"151";15.1477506539704;13.2156358840788;7;35.3633865380492
"152";11.8805402104962;11.255285685394;7;30.1358258958902
"153";12.3090375559846;11.3509552311165;7;30.6599927871011
"154";11.9890022957238;11.5960955279405;7;30.5850978236643
"155";12.4310212617153;11.6463840007407;7;31.077405262456
"156";12.5021042571848;11.5766395218729;7;31.0787437790577
"157";12.4553641253416;11.7058961120467;7;31.1612602373883
"158";12.6442133392098;11.7783009806123;7;31.4225143198221
"159";12.5930040572665;11.7045364726326;8;32.297540529899
"160";13.4053566341872;12.1836817944819;8;33.5890384286691
"161";11.4995874301751;11.0874646047656;7;29.5870520349408
"162";13.5340619335241;12.0680755329356;9;34.6021374664597
"163";12.1907425059818;11.0950867958753;7;30.2858293018571
"164";12.1845651374504;11.572344511267;7;30.7569096487174
"165";12.3718241117096;11.6691673926548;7;31.0409915043644
"166";11.6703614287846;11.4129578610022;7;30.0833192897868
"167";15.6317861048108;13.2813157298141;8;36.9131018346249
"168";11.8274548508044;11.3608126306982;7;30.1882674815026
"169";13.9082437414439;12.3208163885661;8;34.2290601300099
"170";13.136480112379;12.1533920834988;8;33.2898721958778
"171";11.9148027015441;11.2881120421403;7;30.2029147436844
"172";12.3867789040814;11.4236296100635;7;30.8104085141449
"173";12.4750661883853;11.5341310431832;7;31.0091972315685
"174";12.6573082170772;11.6007486290773;7;31.2580568461545
"175";12.3129934305778;11.7188418307306;7;31.0318352613084
"176";11.3730545283757;11.0578554487632;7;29.4309099771388
"177";11.8889648626883;11.0057470871711;7;29.8947119498594
"178";13.2656276006234;11.7726888282447;7;32.0383164288681
"179";11.7231582453314;11.1414535520679;7;29.8646117973994
"180";11.4061123881182;11.128327574884;7;29.5344399630021
"181";14.6480938759298;12.7403534016898;7;34.3884472776196
"182";11.0441155170471;11.0460039134798;7;29.0901194305269
"183";12.1378176002221;11.287836560229;8;31.4256541604511
"184";13.7877296000901;12.4057553585004;8;34.1934849585904
"185";12.2783133191695;11.2747780241082;7;30.5530913432777
"186";11.3156919620398;11.1660093263596;7;29.4817012883994
"187";13.2376580725385;11.7268016816022;7;31.9644597541408
"188";13.212483617312;11.9364214861922;7;32.1489051035042
"189";11.1533919951555;11.1233772567871;7;29.2767692519426
"190";12.2298353613669;11.7150437197886;7;30.9448790811555
"191";12.993746750501;11.6965330656349;7;31.6902798161359
"192";12.5046497091005;11.6191649192388;7;31.1238146283394
"193";12.8281439091026;11.5390060118706;7;31.3671499209731
"194";11.6121102867315;11.3636740273795;7;29.975784314111
"195";12.4669828554348;11.6573394317651;7;31.1243222871999
"196";14.622844129532;13.3426323238016;8;35.9654764533337
"197";13.9478417327009;12.9451024942395;8;34.8929442269404
"198";11.3059966414267;11.098182193755;7;29.4041788351817
"199";11.5706967023072;11.297747796864;7;29.8684444991713
"200";13.3099795209455;12.2935662082185;8;33.603545729164
"201";14.1453431777065;12.6573876773055;8;34.8027308550119
"202";13.6624536325802;12.3349331516005;8;33.9973867841807
"203";13.4839251564237;12.0756758874824;8;33.5596010439061
"204";11.8481827734195;10.9805805688932;7;29.8287633423127
"205";11.6967702409659;11.1729286803528;7;29.8696989213187
"206";12.6914803175086;11.7078292229108;7;31.3993095404194
"207";14.1486968403715;12.3980881241674;9;35.546784964539
"208";11.8019695274892;11.3352557088506;8;31.1372252363398
"209";12.6826027795473;11.4582922365336;7;31.1408950160808
"210";12.6206347359401;11.5272778328964;7;31.1479125688366
"211";10.9167454906623;10.8549582207569;7;28.7717037114193
"212";10.9306482254448;11.0614879585377;7;28.9921361839825
"213";13.3940999793525;11.9504999681828;8;33.3445999475353
"214";12.9387457584112;11.7937501966109;8;32.7324959550221
"215";13.4394744776383;11.9972256991002;7;32.4367001767385
"216";14.5883418229001;12.714335343652;8;35.3026771665521
"217";13.1862226355117;12.1419620687326;8;33.3281847042443
"218";13.8579174205934;12.281321028936;8;34.1392384495294
"219";12.6975943765289;11.6862902239594;7;31.3838846004883
"220";11.520355489464;11.2419570909432;7;29.7623125804072
"221";13.2786654794187;12.0714517357556;8;33.3501172151742
"222";11.5281054899493;11.2098472762699;7;29.7379527662191
"223";11.2264000188303;11.1864118321253;7;29.4128118509556
"224";11.673838853226;10.9092626612835;7;29.5831015145094
"225";12.2750945140332;11.414870543178;7;30.6899650572111
"226";12.0832270386181;11.5302024052255;7;30.6134294438436
"227";10.9756568724;11.0071196803111;7;28.982776552711
"228";12.1783540407934;11.5820031046209;7;30.7603571454143
"229";10.7618304314311;10.6683557962334;7;28.4301862276644
"230";12.2359851778733;11.6181631572281;8;31.8541483351014
"231";11.4623261446493;10.9878425586911;7;29.4501687033403
"232";12.8874797523004;11.9280734307845;8;32.815553183085
"233";11.3510344897751;10.8966593723947;7;29.2476938621698
"234";11.3120909902152;11.0085454010312;7;29.3206363912464
"235";11.24158072884;10.950194152372;7;29.1917748812119
"236";13.1162252744265;11.9906840909238;7;32.1069093653502
"237";11.7388657647387;10.9369394050838;7;29.6758051698225
"238";12.8398375565557;11.5617970677788;7;31.4016346243346
"239";12.9092060163309;11.6718174288532;7;31.5810234451841
"240";13.1323818200689;12.0798736729488;8;33.2122554930177
"241";12.1541431231473;11.4342616817198;7;30.5884048048672
"242";13.0426563143499;12.0526535568851;8;33.0953098712349
"243";15.0280045579075;13.1858794733759;8;36.2138840312834
"244";12.7284805173436;11.6171937847995;7;31.3456743021431
"245";12.0022941095081;11.3227968844642;7;30.3250909939722
"246";11.1490559160986;11.058961187892;8;30.2080171039906
"247";14.9898985217442;13.3518190066155;8;36.3417175283598
"248";13.7059497426536;12.4416912760031;9;35.1476410186567
"249";11.7013582478717;11.1762650218425;7;29.8776232697142
"250";12.518311945914;11.4774919322403;7;30.9958038781543
"251";12.7314787378647;11.6383489876425;8;32.3698277255072
"252";12.4822081037331;11.7358639752891;8;32.2180720790222
"253";11.6196249585368;11.2631738192272;7;29.8827987777639
"254";13.1688162902655;12.2303602788951;8;33.3991765691606
"255";11.9734452017669;11.1406996473808;7;30.1141448491477
"256";13.3535597220873;11.823178545481;7;32.1767382675683
"257";12.8701196538974;12.0332907226442;8;32.9034103765417
"258";15.2866997997381;13.3968599589103;8;36.6835597586484
"259";11.3422600885971;11.1859952333118;7;29.5282553219089
"260";11.529939191066;11.251586818611;7;29.781526009677
"261";11.6489372044431;11.3191398012855;7;29.9680770057287
"262";12.2865535319249;11.4614289069142;7;30.7479824388392
"263";11.8072441479101;11.4376648598703;7;30.2449090077803
"264";13.0219065961531;11.5715033056949;7;31.593409901848
"265";11.6714252620962;11.3344708547405;7;30.0058961168368
"266";11.0104006777606;10.9176086337727;7;28.9280093115333
"267";10.8803323393269;10.8683438139714;7;28.7486761532984
"268";12.2401894366595;11.4841348578722;7;30.7243242945317
"269";12.5195968154966;11.8120130395842;8;32.3316098550808
"270";12.9992833231684;11.5195253601998;7;31.5188086833682
"271";12.0579497585455;11.1894919738689;7;30.2474417324144
"272";11.9657611336726;11.3723845454822;7;30.3381456791548
"273";11.6489018737558;10.9798878768344;7;29.6287897505901
"274";11.4355866280876;11.3213148130607;7;29.7569014411483
"275";12.1133377105348;11.4299244031257;7;30.5432621136604
"276";11.1813862299302;10.929522575765;7;29.1109088056952
"277";11.7394182908444;11.5184112861619;7;30.2578295770063
"278";12.1959151745961;11.555742484452;7;30.751657659048
"279";11.3544042226018;10.7624885108673;7;29.1168927334691
"280";11.7306879961455;11.4097140222817;7;30.1404020184271
"281";12.7355673836234;11.5926271461285;7;31.3281945297519
"282";13.0077727057966;11.8142612792137;8;32.8220339850103
"283";13.0469025685882;12.1022114947639;7;32.149114063352
"284";13.605737012483;12.2650843271131;8;33.8708213395961
"285";12.1488412423561;11.1744959375869;7;30.323337179943
"286";13.0059404347964;12.0141731935749;8;33.0201136283713
"287";12.9625020417501;11.86054488754;9;33.8230469292901
"288";11.6155561551841;11.1684393646268;7;29.7839955198109
"289";10.9019193332626;10.8602156273268;7;28.7621349605894
"290";13.1294718173567;11.4537997780226;7;31.5832715953793
"291";11.7794838019248;11.1693560568076;7;29.9488398587323
"292";12.1142137788447;11.4072145371596;7;30.5214283160043
"293";12.9001794584894;11.7846051624379;7;31.6847846209272
"294";11.4687954871562;11.0152747361975;7;29.4840702233537
"295";11.6354421161272;11.2932495070618;7;29.928691623189
"296";11.7716584935099;11.3777351206482;7;30.1493936141581
"297";12.289673532809;11.333116436623;7;30.622789969432
"298";11.483290374119;11.3255656584222;7;29.8088560325412
"299";12.0759295333007;11.304061647499;7;30.3799911807998
"300";12.4845131680051;11.6980369597855;7;31.1825501277906
"301";13.3602226030418;12.1210334806568;8;33.4812560836986
"302";11.272718673239;11.0937673751159;8;30.3664860483549
"303";12.325988000456;11.5532345205706;7;30.8792225210266
"304";11.3733605268539;10.7426971793009;7;29.1160577061548
"305";12.7985268959449;11.5890858385001;8;32.387612734445
"306";12.2941672098673;11.3263710470619;7;30.6205382569292
"307";12.471118597875;11.469721634617;8;31.940840232492
"308";12.9547354003376;11.371423157634;8;32.3261585579716
"309";13.1400782635826;12.1188050150179;8;33.2588832786005
"310";12.190349417335;11.3965686232273;7;30.5869180405623
"311";10.7523993177868;10.9145699369857;7;28.6669692547725
"312";11.8213433661621;11.3166793741895;7;30.1380227403517
"313";11.9422867299088;11.1724824619072;7;30.1147691918161
"314";11.7620266210566;10.9048051288208;7;29.6668317498775
"315";11.8836456899164;11.1788087728545;8;31.0624544627709
"316";11.9068999586667;11.3982133466544;8;31.3051133053211
"317";11.1476622702987;10.970008292942;7;29.1176705632407
"318";12.1441050485119;11.4296429013182;8;31.5737479498301
"319";11.2582516527323;10.9435073269989;7;29.2017589797312
"320";11.6061353162682;11.081487031473;8;30.6876223477412
"321";10.8095941637927;10.8538261192238;7;28.6634202830165
"322";12.9565356544646;11.9481885764224;8;32.904724230887
"323";14.1451366421371;12.7583694759111;8;34.9035061180482
"324";12.2875087535876;11.285943472573;7;30.5734522261606
"325";12.027623253285;11.5580196258056;7;30.5856428790906
"326";11.2142965754036;11.0523392839999;7;29.2666358594035
"327";12.3934907167911;11.4354568692994;8;31.8289475860905
"328";11.475963164495;11.1631190739422;7;29.6390822384372
"329";11.7921931395743;11.2653686310667;7;30.057561770641
"330";15.3917414421371;13.3946981119983;8;36.7864395541354
"331";14.7815544564892;12.6706684583113;8;35.4522229148005
"332";14.452912691579;12.9122213618728;8;35.3651340534518
"333";10.8843317966248;10.8335461236604;7;28.7178779202852
"334";12.48726730495;11.7256997101646;7;31.2129670151147
"335";11.8667000919012;11.3964311643892;7;30.2631312562905
"336";11.2622770263677;10.8877314481323;7;29.1500084745
"337";12.730320387633;11.6218452834348;8;32.3521656710678
"338";14.4367554607214;13.0318182916734;9;36.4685737523948
"339";11.2012619371368;10.81914041084;7;29.0204023479768
"340";12.610102055467;11.466140720542;7;31.0762427760091
"341";12.0072397042229;11.6805517777427;7;30.6877914819656
"342";12.7671486168001;11.8070983798857;7;31.5742469966859
"343";11.7956598179522;11.4353410692563;7;30.2310008872085
"344";11.5319871755373;10.8610552459398;7;29.3930424214771
"345";13.603564577188;12.1940643115702;8;33.7976288887582
"346";13.8319678704858;12.4486971086893;8;34.2806649791751
"347";11.6357819583031;11.1824287454478;7;29.8182107037509
"348";11.6512484566424;11.2016598620168;7;29.8529083186592
"349";11.1401408053512;11.0710616100529;7;29.2112024154041
"350";11.8028992493674;11.271639719254;7;30.0745389686214
"351";11.1025426748328;10.9387381382142;7;29.041280813047
"352";15.7008169559539;12.8591292168623;8;36.5599461728162
"353";12.6966882664416;11.7065998891954;7;31.403288155637
"354";11.8054437639336;11.1602982359008;7;29.9657419998344
"355";11.5534334309442;10.9479132762613;7;29.5013467072055
"356";12.9377500337287;11.9676360703124;8;32.9053861040411
"357";10.9055516409933;11.0190240188444;7;28.9245756598377
"358";11.610018515102;11.1750097340117;7;29.7850282491137
"359";12.4854829772041;11.6262158125302;7;31.1116987897343
"360";11.7940131142262;10.8975274318182;7;29.6915405460444
"361";12.1766774101648;11.4986336403907;8;31.6753110505554
"362";13.9530603021569;12.6003310288706;7;33.5533913310276
"363";12.3488681993438;11.5091966264902;7;30.858064825834
"364";13.1484496525754;12.1050502598432;8;33.2534999124186
"365";12.4225653016169;11.5737171293637;8;31.9962824309806
"366";13.4071084380776;12.0422422213995;8;33.4493506594771
"367";12.3777960160201;11.5866273518174;8;31.9644233678375
"368";12.603502520554;11.4117451889061;7;31.0152477094601
"369";12.1439550184296;11.5594322906058;7;30.7033873090355
"370";11.6861164557097;11.058257437326;7;29.7443738930357
"371";12.91831702674;11.7628372322368;7;31.6811542589768
"372";11.310368848696;11.0934710597804;7;29.4038399084764
"373";12.800687265075;11.7254476519849;7;31.5261349170599
"374";14.1210055886384;12.4387221750317;9;35.5597277636702
"375";13.2640345965626;12.1106069505651;8;33.3746415471278
"376";11.6651681181819;10.8511318373308;7;29.5162999555127
"377";14.4016831894272;13.1173074428288;9;36.518990632256
"378";11.8995049199747;11.1162638410156;7;30.0157687609903
"379";13.9774668811598;12.5691191233768;7;33.5465860045366
"380";12.2585079663413;11.5289813181899;7;30.7874892845313
"381";11.5730201013329;11.121779447801;8;30.694799549134
"382";12.05486499824;11.5026841875678;7;30.5575491858078
"383";12.5712311586934;11.4268996625865;7;30.9981308212798
"384";12.0526075433773;11.4305274054992;7;30.4831349488766
"385";15.7002501614203;13.3413022941828;9;38.041552455603
"386";13.1746229092105;12.1854292480126;7;32.3600521572231
"387";11.3201927852554;11.0019646943854;7;29.3221574796408
"388";13.5749320828918;12.2331557362798;8;33.8080878191716
"389";11.4519813134572;11.1397069124997;7;29.5916882259569
"390";13.868814688164;12.4500588230884;8;34.3188735112524
"391";13.2574829263553;12.1164544314319;8;33.3739373577872
"392";11.6243047093367;11.3947626288527;7;30.0190673381894
"393";11.9749624411255;11.420300214825;7;30.3952626559506
"394";11.9353908302565;11.2025486387708;7;30.1379394690272
"395";14.5946049745676;13.1530135493069;8;35.7476185238745
"396";11.8849715131375;10.9804738098025;7;29.86544532294
"397";13.6492777011261;12.2839198013283;9;34.9331975024544
"398";11.4058957053627;11.0465902489366;7;29.4524859542993
"399";13.4634387781293;12.0469919840072;8;33.5104307621365
"400";14.7772155329658;13.3284949143641;8;36.1057104473299
"401";11.5993021805001;11.141674055751;7;29.7409762362511
"402";12.8529958601327;12.004189497556;8;32.8571853576886
"403";12.864338799801;11.8673994445388;9;33.7317382443398
"404";12.0113024822397;11.1803479865982;7;30.1916504688379
"405";13.070593218163;11.7319266788863;8;32.8025198970494
"406";12.1324814609941;11.5095495187649;8;31.642030979759
"407";11.6207114372356;11.2259343242631;7;29.8466457614986
"408";13.6445057773987;12.9190487597623;8;34.563554537161
"409";12.6292960914237;11.9363318539476;8;32.5656279453713
"410";13.9455923967729;12.7938512507678;9;35.7394436475407
"411";11.653959563372;11.1573721948521;7;29.8113317582241
"412";11.86412812006;11.0763340726095;7;29.9404621926695
"413";10.6822816316113;10.8154609108125;7;28.4977425424238
"414";12.1619025461392;11.5131544815747;7;30.6750570277139
"415";13.415572101141;12.3177046804254;8;33.7332767815664
"416";11.0526103746256;10.9355229790771;7;28.9881333537027
"417";11.8730696790599;11.3611882172244;7;30.2342578962844
"418";12.945667153003;11.9831940681221;9;33.9288612211251
"419";11.0557436577662;10.8814283735898;7;28.937172031356
"420";11.7636518831864;11.0775539757251;7;29.8412058589115
"421";12.2887829614429;11.5629560323936;7;30.8517389938364
"422";11.4963306610395;11.0722021119045;7;29.5685327729441
"423";11.578356233352;10.9014135908336;7;29.4797698241856
"424";11.1732952526642;11.1279045084067;7;29.3011997610709
"425";12.6038160427266;11.7895083611178;7;31.3933244038445
"426";11.2690270162472;11.0320532261655;7;29.3010802424127
"427";12.5653005284989;11.7082966374499;8;32.2735971659489
"428";11.8477082941782;11.1449597912354;7;29.9926680854136
"429";11.9611663843502;10.9407396324752;7;29.9019060168254
"430";12.117238561594;11.4559070230547;7;30.5731455846487
"431";11.3201610140348;11.1562435576449;7;29.4764045716797
"432";12.7042412203122;11.8312678147834;8;32.5355090350956
"433";14.3393855258446;13.20608547725;8;35.5454710030946
"434";10.9426459699091;10.9693456599209;7;28.91199162983
"435";13.1392823634046;12.0116005819579;7;32.1508829453625
"436";12.6173359459921;11.522006505313;9;33.1393424513051
"437";11.2609559776982;11.000165127226;7;29.2611211049242
"438";13.9498636250148;12.8772275871819;8;34.8270912121966
"439";15.0177944542283;13.4944464520057;8;36.512240906234
"440";12.9809134295323;11.3969118394863;7;31.3778252690186
"441";11.7798857691365;11.3473613375811;7;30.1272471067177
"442";11.2611460897999;10.8144920231016;7;29.0756381129015
"443";13.6337791582296;12.0307835603058;8;33.6645627185354
"444";13.1262961726953;12.0578998861701;8;33.1841960588654
"445";12.7356293956065;11.7531048695664;8;32.4887342651729
"446";12.288893143812;11.5004080276373;8;31.7893011714493
"447";12.2919487031447;11.6216934865464;7;30.9136421896911
"448";13.7359743026161;12.3811259818816;8;34.1171002844977
"449";11.9139274134137;11.5245639705403;7;30.438491383954
"450";11.9533418917035;11.4878121253356;7;30.4411540170391
"451";12.921272818767;11.5712070882342;8;32.4924799070012
"452";15.0902304714278;13.0791888725083;8;36.1694193439361
"453";13.8323773697911;12.2606858007212;9;35.0930631705123
"454";12.1584214971188;11.2129063595745;7;30.3713278566932
"455";11.7984460115552;11.1594042795272;7;29.9578502910824
"456";14.0513448077208;12.3970133952867;8;34.4483582030075
"457";12.8508365796452;11.6495082858803;7;31.5003448655256
"458";13.4782279551246;12.0757716449481;7;32.5539996000727
"459";11.6382929195483;11.0691105150596;7;29.7074034346079
"460";12.7079467819183;11.962735698237;8;32.6706824801553
"461";12.2838546498627;11.622128316543;7;30.9059829664057
"462";11.6200207698608;11.411310767296;8;31.0313315371567
"463";11.552306104171;11.0431031093936;7;29.5954092135646
"464";11.9609735427304;11.4730920681435;7;30.4340656108739
"465";11.8882312979901;11.3220667126068;7;30.2102980105969
"466";15.299592444304;12.6894199293633;8;35.9890123736673
"467";10.7269425713733;10.8770939753968;8;29.6040365467701
"468";10.6718090357368;10.7808619576164;7;28.4526709933533
"469";12.2662569802075;11.6173456970699;7;30.8836026772775
"470";12.6061806703951;11.4896688110964;7;31.0958494814916
"471";11.7621443281729;11.1609284244188;7;29.9230727525917
"472";12.5853581810142;11.5958063334258;7;31.18116451444
"473";11.1079010694758;10.9739640866294;7;29.0818651561052
"474";14.1038037220708;12.9733902628327;8;35.0771939849035
"475";12.2552783347083;11.6357523768105;8;31.8910307115188
"476";13.3422693180038;12.1841286691742;8;33.526397987178
"477";11.6072699102509;11.3130583148255;7;29.9203282250764
"478";11.8458790035368;11.5173692432002;7;30.363248246737
"479";13.1817397273532;11.9045012409186;8;33.0862409682719
"480";12.6610896201406;11.6193553400363;8;32.280444960177
"481";11.5901337555473;11.2923281583587;7;29.882461913906
"482";13.8857353352001;12.4591430677029;7;33.344878402903
"483";12.2926027042731;11.197990271619;7;30.4905929758921
"484";11.7202065753576;11.1983292723091;8;30.9185358476667
"485";11.7287144140037;11.0897175310957;8;30.8184319450994
"486";12.6756028400064;11.7853689714176;9;33.460971811424
"487";12.4448241462575;11.8131136546251;7;31.2579378008826
"488";11.8771120584625;11.283767134481;7;30.1608791929436
"489";13.429872500327;12.3786528014779;8;33.8085253018049
"490";13.408876882583;12.1045808804812;7;32.5134577630642
"491";13.1087129898475;11.8575654734125;8;32.96627846326
"492";12.0543643044024;11.4163300874877;7;30.4706943918902
"493";12.7662923891732;11.7961529026349;7;31.5624452918081
"494";10.8157650647448;10.7684910085363;7;28.5842560732811
"495";12.6596535128987;11.6658697744808;7;31.3255232873794
"496";12.4366294377316;11.6598454986867;8;32.0964749364183
"497";12.0887644423406;11.4833195530056;7;30.5720839953462
"498";12.9397905841178;11.9620665779566;9;33.9018571620744
"499";13.6004699386793;12.2749248510687;9;34.8753947897481
"500";11.997143536726;11.416463411095;7;30.413606947821
"501";11.7805314579931;11.3469312257532;7;30.1274626837463
"502";12.6196142588592;11.5057809520268;7;31.125395210886
"503";12.4525380797107;11.4240147274402;7;30.8765528071509
"504";13.2406019192251;12.0528401931407;8;33.2934421123657
"505";10.8712357238476;10.9308178308043;7;28.8020535546519
"506";12.0205582099173;11.0818438933083;7;30.1024021032256
"507";11.7354714950166;11.3223119771766;7;30.0577834721932
"508";13.7617249710881;12.8045340411569;8;34.566259012245
"509";12.6535875221842;11.7917885544694;8;32.4453760766536
"510";12.9479659148606;11.8147878959068;7;31.7627538107675
"511";11.6672740175087;11.4052902278814;7;30.0725642453901
"512";13.3143790010202;11.9967714235929;7;32.3111504246131
"513";13.1259063485975;11.807793167242;7;31.9336995158395
"514";12.1904744155179;11.0678553792378;7;30.2583297947557
"515";13.1267400650546;11.976444965952;9;34.1031850310066
"516";11.7816177571272;11.3921356168465;7;30.1737533739737
"517";11.6741519228379;11.0685360710529;8;30.7426879938908
"518";12.3049634552481;11.5072525556968;7;30.8122160109449
"519";12.1414392441062;11.5829014839468;7;30.724340728053
"520";15.2758178043383;12.7641476721415;8;36.0399654764798
"521";11.9368959596849;11.5183574073478;7;30.4552533670326
"522";11.7507636386419;10.9559092477772;7;29.706672886419
"523";13.1309359454981;12.0568949708017;8;33.1878309162997
"524";15.450258537878;13.3441687302661;8;36.7944272681441
"525";14.1180673551296;13.0800174989757;8;35.1980848541053
"526";13.2948476024539;11.7577102047252;7;32.0525578071791
"527";13.1107120059065;12.0203510008769;8;33.1310630067834
"528";11.476860244238;11.337548882303;7;29.814409126541
"529";11.8432730471708;11.0561858780987;8;30.8994589252694
"530";11.8738331460153;11.4103396363969;8;31.2841727824122
"531";11.904008510567;11.3768103939602;7;30.2808189045272
"532";14.9219635698916;13.289512272839;9;37.2114758427306
"533";13.2532832639628;11.8955010838347;8;33.1487843477975
"534";11.6292183849869;11.4465730133437;7;30.0757913983306
"535";11.1422786376094;10.9276120655527;7;29.0698907031621
"536";11.5928040949084;11.3601905271531;7;29.9529946220614
"537";12.9438241068572;11.9117507789502;9;33.8555748858074
"538";11.2315815242844;11.2210750273268;7;29.4526565516112
"539";12.3024474064891;11.4213651693274;7;30.7238125758165
"540";12.4024566866022;11.6531589459863;7;31.0556156325886
"541";11.8972896791744;11.5000948327278;7;30.3973845119022
"542";11.2144195786106;10.9673547234381;7;29.1817743020487
"543";15.0172250851365;12.6373950977217;8;35.6546201828582
"544";11.5251573060986;11.294509965109;7;29.8196672712076
"545";11.765513233331;10.9625875817571;7;29.7281008150881
"546";12.4734251957039;11.5714157172187;7;31.0448409129226
"547";12.9890967725698;11.7662461156448;9;33.7553428882146
"548";12.0298443473091;11.325314093797;7;30.3551584411061
"549";14.3753686628144;12.9968739658741;7;34.3722426286885
"550";11.4369916422545;11.2601704615371;7;29.6971621037916
"551";13.1830709983623;11.8272750625173;8;33.0103460608797
"552";11.9971535392751;11.2477877608731;7;30.2449413001482
"553";13.0438400857168;11.9949514788953;7;32.038791564612
"554";11.7058125255975;11.1670147035048;7;29.8728272291023
"555";11.3871520527152;11.1049894087203;7;29.4921414614355
"556";12.3069217266703;11.6446761716682;7;30.9515978983385
"557";13.3455037438668;11.9457693593288;8;33.2912731031956
"558";11.5724456460896;11.277832951899;7;29.8502785979886
"559";11.9707198808119;11.4289453150984;7;30.3996651959103
"560";13.6726751821991;12.2127052630158;8;33.885380445215
"561";11.3000857862105;11.087335797603;8;30.3874215838135
"562";11.5073257307499;11.1218153483874;7;29.6291410791373
"563";13.7670293255308;12.2862152877593;8;34.05324461329
"564";11.7930550824339;11.3086840473329;7;30.1017391297667
"565";11.3781689182174;11.1637060409704;7;29.5418749591878
"566";12.2793005356656;11.6148802457924;7;30.894180781458
"567";10.8879982295947;11.05461530992;7;28.9426135395147
"568";11.3643153491353;10.9412469610116;7;29.305562310147
"569";11.410663305811;11.0643208103075;7;29.4749841161185
"570";11.9918197165891;11.3135896509896;7;30.3054093675787
"571";12.0528923551651;11.4078145695927;8;31.4607069247577
"572";11.8712150102746;11.2302720023579;7;30.1014870126325
"573";13.934784215476;12.6689149810991;8;34.6036991965751
"574";12.1557306637686;11.3564774958887;7;30.5122081596573
"575";12.0413332557526;11.3527373790952;7;30.3940706348478
"576";14.5301242099747;13.3155421024746;8;35.8456663124492
"577";12.47709309115;11.7517220886309;7;31.2288151797809
"578";12.459108200741;11.6415091078605;7;31.1006173086015
"579";15.0029202957792;12.5982326455147;8;35.601152941294
"580";11.0875782439543;10.9742410758227;7;29.0618193197769
"581";12.0940574066306;11.6942493655532;7;30.7883067721838
"582";11.7170923922756;11.0401807202406;7;29.7572731125162
"583";12.3035456017565;11.1322909462174;7;30.4358365479739
"584";11.0733303726783;11.0940592616094;7;29.1673896342877
"585";13.0563469577674;12.0588946381546;8;33.1152415959219
"586";12.6203321537398;11.5976567813367;7;31.2179889350765
"587";12.5894652464256;12.0441269565144;9;33.63359220294
"588";11.8536659952958;11.348787785024;7;30.2024537803198
"589";11.0890281412778;10.9537122098178;7;29.0427403510956
"590";12.8239883659664;11.6599048504273;8;32.4838932163937
"591";12.8546427300323;11.9341463374213;7;31.7887890674536
"592";11.1058460640502;10.8109443054942;7;28.9167903695444
"593";11.4159556032152;11.130231101392;7;29.5461867046072
"594";12.1850777300796;11.138428705851;7;30.3235064359307
"595";11.4369657366956;11.1125072793005;7;29.549473015996
"596";11.2177923330246;10.9733951915673;7;29.1911875245919
"597";11.9217229955253;11.1461407508227;7;30.067863746348
"598";12.8666953906995;11.9581232136448;8;32.8248186043444
"599";12.6296269846236;11.6388232935449;7;31.2684502781685
"600";13.8480228438153;12.2491551377243;9;35.0971779815396
"601";14.7873590023353;13.2553051497926;8;36.042664152128
"602";11.6810522218935;11.3709700403984;7;30.0520222622919
"603";13.6567699753995;12.2813301283955;7;32.938100103795
"604";11.3520871092397;10.9835990135334;7;29.3356861227731
"605";15.2633674430395;13.3872379624774;8;36.650605405517
"606";13.5384383868841;12.2298150031026;8;33.7682533899867
"607";13.2186839812266;12.0469389609798;9;34.2656229422064
"608";11.5680520476138;11.0634322856228;7;29.6314843332366
"609";10.997170017092;10.9005047771724;7;28.8976747942644
"610";11.0765268280161;10.9462163343395;7;29.0227431623556
"611";12.6764848479769;11.405664201987;7;31.0821490499639
"612";14.0875463563481;12.5894847931639;7;33.677031149512
"613";11.8955630843418;11.0940407248292;8;30.989603809171
"614";12.2865615931387;11.4824876211816;8;31.7690492143204
"615";11.7102283460666;11.2790124358201;7;29.9892407818868
"616";16.0011975555459;13.0595967477575;7;36.0607943033033
"617";13.6468521063661;12.2910406552037;8;33.9378927615698
"618";11.2066609668099;11.0695230879448;8;30.2761840547547
"619";12.3399085422275;11.5644912767223;7;30.9043998189498
"620";12.0490118236138;11.442261981489;8;31.4912738051028
"621";14.2864433272234;13.0444215416866;8;35.3308648689099
"622";11.8644500353148;10.8489761195374;7;29.7134261548522
"623";12.5044904209786;11.8641907346714;8;32.36868115565
"624";11.1525886843654;11.1645973052498;7;29.3171859896151
"625";12.4265535801759;11.5224195501806;8;31.9489731303565
"626";14.3259103858578;12.8637867292433;9;36.1896971151011
"627";12.5332129464654;11.3570495554753;7;30.8902625019406
"628";14.3670242846017;12.6389178149136;9;36.0059420995153
"629";12.6331700197004;11.5710205475977;7;31.2041905672981
"630";12.2401585722479;11.5964729100344;8;31.8366314822824
"631";12.6513351732245;11.605814649646;8;32.2571498228706
"632";11.8279492484211;11.5809937048331;7;30.4089429532542
"633";12.3522575527422;11.6729942524413;7;31.0252518051835
"634";12.8003493823512;12.1191443814932;8;32.9194937638443
"635";12.2841624839957;11.6829995165865;7;30.9671620005822
"636";15.6534184220334;12.9617486959627;8;36.6151671179961
"637";12.7018397382973;11.6971868833059;8;32.3990266216032
"638";11.1348817945704;11.0063686503149;7;29.1412504448853
"639";12.0122687338522;11.4944574273809;7;30.5067261612331
"640";12.4961485656625;11.5068643657971;7;31.0030129314596
"641";13.2722873542091;12.0215232810932;8;33.2938106353023
"642";13.8526719323506;12.3468649018446;8;34.1995368341952
"643";13.6766561024522;12.2810523162573;8;33.9577084187095
"644";12.1106067311741;11.6453636406241;8;31.7559703717982
"645";12.5881128926654;11.6326134755226;7;31.220726368188
"646";11.7241407820298;10.9764809474797;7;29.7006217295096
"647";11.7560755423099;11.4940224127616;7;30.2500979550715
"648";11.1851764544146;10.6967572374962;8;29.8819336919108
"649";10.9525772795988;11.124007188491;7;29.0765844680899
"650";11.55541445016;11.1482516563235;7;29.7036661064835
"651";13.3004790258578;11.9551605082954;7;32.2556395341532
"652";12.0265768098808;11.4118453996163;7;30.4384222094971
"653";12.7976823965925;11.6955184514922;7;31.4932008480847
"654";12.2917603315364;11.5518752281655;7;30.8436355597019
"655";12.318752686599;11.4910719450945;8;31.8098246316935
"656";11.6186852472774;11.137324883465;7;29.7560101307424
"657";14.6286410297387;13.3172829280121;9;36.9459239577508
"658";12.4759038405969;11.1821406762864;7;30.6580445168833
"659";11.1722207406154;11.0752944920161;7;29.2475152326315
"660";11.2305119828373;11.2235471522872;7;29.4540591351245
"661";13.0338876401708;11.8224333059973;9;33.8563209461681
"662";12.2820470270663;11.5549597356186;7;30.8370067626849
"663";12.7254773416457;11.8222143092229;8;32.5476916508686
"664";12.0862556928598;11.5119548001268;7;30.5982104929865
"665";12.0225053234091;11.5533417298532;7;30.5758470532623
"666";11.3080963275344;11.1901374216997;8;30.4982337492342
"667";12.9964212296937;12.1055674538921;8;33.1019886835858
"668";12.4698774979068;11.563600253099;7;31.0334777510058
"669";12.0857090979194;11.2280331389036;7;30.3137422368229
"670";14.0170329128585;12.4403639070711;8;34.4573968199296
"671";11.7444124589763;10.975532855734;7;29.7199453147104
"672";13.1456655288571;12.2067808232049;8;33.3524463520621
"673";12.0984054115751;11.3351405767793;7;30.4335459883544
"674";12.051122210058;11.003836615448;7;30.054958825506
"675";14.572736349092;13.1581864272288;8;35.7309227763208
"676";12.0038687695172;11.3344107124651;7;30.3382794819823
"677";11.3189872592415;10.9158974594969;7;29.2348847187383
"678";11.8047592042941;11.3296789274697;8;31.1344381317639
"679";12.686051300746;11.5756066266032;8;32.2616579273492
"680";11.5945771031919;11.1353371711373;7;29.7299142743293
"681";13.1359615269156;12.0480101545436;8;33.1839716814592
"682";13.6785303899145;12.2379238354702;7;32.9164542253847
"683";13.9041214071233;12.3317889947879;8;34.2359104019112
"684";11.5966651841102;11.1272168486725;7;29.7238820327827
"685";12.6856364926865;11.7974619593298;9;33.4830984520162
"686";14.3079240139372;13.358368661781;8;35.6662926757181
"687";13.3932903917177;12.3162179498757;9;34.7095083415934
"688";12.2416920587416;11.3494681789663;7;30.591160237708
"689";11.5294713714336;11.2802048375895;7;29.8096762090231
"690";12.655877319743;11.6698924539163;8;32.3257697736593
"691";11.1315309803621;11.0755714344676;7;29.2071024148297
"692";13.6821818146792;12.3142405859306;7;32.9964224006098
"693";12.5950464505317;11.8539668002647;8;32.4490132507965
"694";12.5054333411832;11.7238300171883;8;32.2292633583715
"695";11.3476359782843;10.7774073552729;7;29.1250433335572
"696";11.741063709371;11.2196701276685;7;29.9607338370395
"697";14.111302772733;12.5805664387628;9;35.6918692114958
"698";14.7275676913653;13.1990775055643;8;35.9266451969296
"699";15.3119245317493;13.3497110791586;7;35.6616356109079
"700";12.7212055824761;11.8613077029328;9;33.5825132854089
"701";12.4546340022557;11.5311768917341;7;30.9858108939898
"702";12.7337662884588;11.2705031217414;7;31.0042694102001
"703";12.0632072644854;11.4541029874435;7;30.5173102519289
"704";11.3194881671779;10.9991521873035;7;29.3186403544814
"705";14.2869815295712;12.9932710383125;8;35.2802525678837
"706";12.4105801309053;11.4770309082292;7;30.8876110391345
"707";11.0136661172523;10.8603478694779;8;29.8740139867302
"708";12.6935098732494;11.7414885300887;8;32.434998403338
"709";11.9792529946683;11.5628030376493;7;30.5420560323177
"710";12.3352230841823;11.4181652021953;7;30.7533882863776
"711";12.6106242316934;11.9824643391448;8;32.5930885708382
"712";11.4576236045234;11.3811165814303;7;29.8387401859536
"713";12.7682373718751;12.088469111083;9;33.8567064829581
"714";11.2944407337884;10.9712853334814;7;29.2657260672698
"715";11.2295569349639;10.9590623231664;7;29.1886192581303
"716";12.6549807855517;11.434892237112;8;32.0898730226637
"717";11.6149461613336;11.3280349255347;7;29.9429810868682
"718";13.5178121492028;12.1170467446554;7;32.6348588938582
"719";13.8733141079387;12.85233671649;8;34.7256508244287
"720";14.1705708931987;13.1104369407771;8;35.2810078339758
"721";12.3528641806797;11.6970003042534;8;32.0498644849331
"722";15.0591102877509;13.4094609423146;9;37.4685712300655
"723";12.4607649645429;11.46553235804;9;32.9262973225829
"724";12.1732462882589;11.5068175760155;7;30.6800638642744
"725";12.320154987961;11.6873958908266;7;31.0075508787876
"726";14.1848746261079;13.0517466380124;8;35.2366212641204
"727";11.8448577107092;11.4109604220896;7;30.2558181327987
"728";13.5132673339809;12.0515103182783;8;33.5647776522591
"729";13.194539112774;12.1456965568376;8;33.3402356696116
"730";12.5982354599573;11.653045909009;8;32.2512813689663
"731";12.253179157869;11.3329796996335;8;31.5861588575025
"732";12.4051553696438;11.6236561326439;7;31.0288115022877
"733";11.9348103248085;11.2693316533221;7;30.2041419781306
"734";13.6769161406312;12.5146524171827;7;33.191568557814
"735";12.3664204108228;11.5070596700418;7;30.8734800808646
"736";11.8356973586399;11.4526436785706;7;30.2883410372105
"737";11.5446064628966;11.1478304285228;8;30.6924368914195
"738";14.481068799098;12.7464943065371;8;35.2275631056351
"739";14.1088474985458;12.5289819674817;8;34.6378294660275
"740";12.2242800849642;11.5686431924258;7;30.79292327739
"741";11.4049659814065;11.0835598002832;7;29.4885257816897
"742";11.6939586369154;11.3054716210156;7;29.999430257931
"743";11.274264204289;11.0591793704117;7;29.3334435747007
"744";13.6833745499168;12.0185007541683;7;32.7018753040851
"745";11.7818843583626;11.209748027126;7;29.9916323854886
"746";13.5466787391599;12.2862983766201;8;33.83297711578
"747";14.3201700215631;12.6313753099934;9;35.9515453315565
"748";11.3072012973638;11.0938907400875;7;29.4010920374514
"749";11.0171124736654;11.0424572623329;7;29.0595697359983
"750";12.3210315137064;11.5129680929626;7;30.8339996066691
"751";13.4966031200301;12.126990899686;8;33.6235940197161
"752";11.3722059283789;11.0679819320328;7;29.4401878604117
"753";11.7558021693238;11.2390617319922;7;29.994863901316
"754";11.111726176948;10.8859025893943;7;28.9976287663423
"755";10.9249038850294;11.0499301590201;7;28.9748340440495
"756";12.255177176053;11.5257105942346;7;30.7808877702876
"757";15.9176281361968;12.9509699363718;8;36.8685980725686
"758";13.5930371388866;12.1330781122925;8;33.7261152511791
"759";13.0538137738309;11.4937182531808;7;31.5475320270117
"760";14.1442817763174;12.8727643210864;8;35.0170460974038
"761";12.1105844190853;11.4135478180801;7;30.5241322371654
"762";11.0961686920804;10.9912936428847;7;29.0874623349651
"763";10.7669470625909;10.8892189147433;7;28.6561659773341
"764";14.2229933780519;12.5687712965212;8;34.7917646745731
"765";11.2728917281909;10.9519838484521;7;29.2248755766429
"766";11.755914296177;11.2300987742399;7;29.9860130704169
"767";11.3557127209194;10.9869436753845;8;30.3426563963039
"768";12.3039081857989;11.3774239616439;7;30.6813321474427
"769";12.7165363205894;12.0049522155275;8;32.7214885361169
"770";12.8947934106206;11.5285610139773;8;32.4233544245979
"771";10.9873252435387;10.8953364661287;7;28.8826617096673
"772";13.1730155923062;11.7988832430919;7;31.9718988353981
"773";12.058943232015;11.341785013275;7;30.40072824529
"774";11.2977707838684;10.8546490283525;7;29.1524198122209
"775";12.4225403004602;11.3427811404705;7;30.7653214409307
"776";13.8890666371899;13.0065835475547;8;34.8956501847446
"777";12.1993791696629;11.228230537542;7;30.4276097072049
"778";13.0573115724285;11.7362442106493;9;33.7935557830778
"779";13.1090453987199;12.1569341183529;8;33.2659795170728
"780";11.6180767684848;11.3471159867968;7;29.9651927552816
"781";11.6612061539461;11.0970820234848;7;29.7582881774308
"782";11.9340696698539;11.5553960450013;7;30.4894657148552
"783";13.9472741901016;12.356389733855;8;34.3036639239565
"784";12.4202710184729;11.5198888152762;7;30.9401598337491
"785";11.4980483255348;11.208285834177;7;29.7063341597119
"786";14.416025476207;12.8082755201587;7;34.2243009963657
"787";12.2467011131447;11.6412712527213;8;31.887972365866
"788";12.7480734453793;11.6258941744859;8;32.3739676198651
"789";13.6280168711867;12.4657077261357;7;33.0937245973224
"790";11.6443675553092;11.2315204528768;7;29.8758880081861
"791";11.8245661649166;11.1045184446031;8;30.9290846095196
"792";13.5105699919182;11.9560291439623;7;32.4665991358806
"793";10.8812451468083;10.7805072170337;7;28.661752363842
"794";13.7742600699946;12.3685922478103;8;34.142852317805
"795";14.6271364084314;12.7779061782038;8;35.4050425866352
"796";13.4010031417384;12.145366538712;8;33.5463696804504
"797";11.694233071404;11.0111437159091;7;29.7053767873131
"798";15.4957127712748;12.8871478686467;7;35.3828606399214
"799";14.0408468771504;12.7246230982642;8;34.7654699754146
"800";12.3922742448277;11.667766169731;7;31.0600404145587
"801";13.0281920867743;11.6022461029684;7;31.6304381897427
"802";14.2592823541623;13.1089604219614;7;34.3682427761238
"803";12.8696170050412;11.9684682124984;8;32.8380852175396
"804";12.1888612991023;11.425885204086;7;30.6147465031883
"805";13.3121711669464;11.9691377335391;7;32.2813089004855
"806";11.0070569078461;10.8321798343802;7;28.8392367422264
"807";12.385798261828;11.5275935157484;7;30.9133917775764
"808";11.5492113907857;11.1207038623413;7;29.6699152531271
"809";12.767821498533;11.6247274098963;8;32.3925489084293
"810";12.9687650481678;11.3714916790941;8;32.3402567272619
"811";11.6829887546992;11.1998328992112;7;29.8828216539104
"812";11.5098575341603;11.3022457119291;7;29.8121032460894
"813";11.3308107982387;11.3278325300913;7;29.65864332833
"814";12.8042337565311;12.0460108737564;7;31.8502446302875
"815";11.5489235280916;10.9111995153558;7;29.4601230434474
"816";12.8904593202519;12.0473106549769;8;32.9377699752288
"817";11.7275593792182;10.8065569068345;8;30.5341162860528
"818";11.4010933864988;10.9740900739825;7;29.3751834604812
"819";13.5532854851705;12.3441444642729;8;33.8974299494433
"820";11.0831454033253;10.9736181926158;7;29.0567635959411
"821";12.4821164743406;11.1634908369513;8;31.6456073112919
"822";11.7415059007943;11.3199105400013;7;30.0614164407955
"823";15.1634311205858;12.6616055869014;7;34.8250367074872
"824";14.0057903580518;12.865682078018;8;34.8714724360698
"825";13.0004230386783;11.6901446831725;7;31.6905677218507
"826";12.1739928859986;11.3492607823826;7;30.5232536683812
"827";11.5774690237581;11.0626396121666;7;29.6401086359247
"828";13.4322993303652;12.322403885859;8;33.7547032162242
"829";11.9492278596536;11.3583319981852;8;31.3075598578388
"830";12.3004355115873;11.5957300762135;7;30.8961655878008
"831";11.7148290747634;11.1638677995119;7;29.8786968742753
"832";12.1533414750195;11.5722407600492;8;31.7255822350687
"833";11.3206797274149;11.2701444181143;7;29.5908241455292
"834";11.6451230141266;11.160504149382;8;30.8056271635086
"835";13.6769019168025;12.2543133820508;9;34.9312152988533
"836";14.2709770005417;12.7425222561303;8;35.013499256672
"837";13.1461205881989;12.1730486603088;8;33.3191692485076
"838";11.7499481932764;11.1999349724085;7;29.9498831656849
"839";13.0025690380992;11.9707766926421;8;32.9733457307414
"840";13.1244142772952;11.9751486336052;7;32.0995629109004
"841";11.0164080862822;10.8538440789321;7;28.8702521652143
"842";11.7215067481099;11.2752438053933;7;29.9967505535032
"843";13.7949621190405;12.0712095321005;9;34.8661716511411
"844";12.06678119132;11.0225884331043;7;30.0893696244243
"845";14.1758317663985;12.8357233284701;8;35.0115550948686
"846";11.7152480315365;11.3713466874805;7;30.086594719017
"847";12.342572667138;11.485684868948;7;30.8282575360859
"848";11.2568657675838;11.0223331566724;7;29.2791989242561
"849";13.1818921285388;12.1866640422683;8;33.3685561708071
"850";11.2412818132729;11.1590486771387;7;29.4003304904116
"851";11.0020320567254;10.803522806131;7;28.8055548628564
"852";12.7801407718034;11.3543596193569;7;31.1345003911603
"853";13.4153267266625;12.082493269508;8;33.4978199961705
"854";11.3953648234596;11.1252066057497;7;29.5205714292093
"855";13.1363944075978;11.8096517754985;7;31.9460461830963
"856";11.9113531891437;11.4465279920406;7;30.3578811811843
"857";12.3298696976071;11.1379734265353;7;30.4678431241424
"858";11.9116988676786;11.3841818479694;7;30.295880715648
"859";11.6825066996838;11.387288201045;7;30.0697949007288
"860";11.9881386210376;11.1179596198562;7;30.1060982408938
"861";14.5434655885497;13.3094358580687;8;35.8529014466184
"862";15.4479699731722;13.5243928035436;7;35.9723627767158
"863";11.9520268993566;11.0422026337106;7;29.9942295330672
"864";11.5035447037157;11.2577005962162;7;29.7612452999318
"865";11.0120781038615;10.9881266499042;7;29.0002047537656
"866";14.7953310249683;12.9073664353372;8;35.7026974603055
"867";11.4011861242107;11.0924579592827;7;29.4936440834934
"868";11.7400926055211;11.2023893711488;7;29.9424819766699
"869";11.816103956886;11.3384000968368;7;30.1545040537228
"870";12.0238131836758;11.3356379501842;7;30.35945113386
"871";12.4934365757916;11.4672548976505;7;30.9606914734421
"872";12.5858003746088;11.630326581074;8;32.2161269556829
"873";13.4854900664739;12.0363312130859;8;33.5218212795598
"874";12.3054323269361;11.6402324416111;7;30.9456647685471
"875";12.4739213809384;11.6354364799857;8;32.1093578609241
"876";13.7483286478459;12.1534469878618;8;33.9017756357078
"877";13.7792432663629;12.5907234935498;8;34.3699667599127
"878";14.0663667755091;12.5439945157603;8;34.6103612912694
"879";13.3469001941944;12.0578267672993;9;34.4047269614937
"880";13.2931119504622;12.2559637573362;8;33.5490757077983
"881";12.2886024611133;11.6191939735967;7;30.90779643471
"882";13.4064318944037;12.0118995294197;8;33.4183314238234
"883";13.3606503188743;12.2079558292227;8;33.5686061480971
"884";12.9187183432785;11.5858043867013;7;31.5045227299798
"885";10.9145616037464;10.8205879313642;7;28.7351495351106
"886";11.9624693703161;11.276814427556;7;30.2392837978721
"887";12.0895434692351;11.6342065394603;7;30.7237500086954
"888";11.7912035760049;11.4343061644355;7;30.2255097404404
"889";11.539156111101;11.071921887027;7;29.611077998128
"890";11.5095061331687;11.1088577966203;7;29.618363929789
"891";12.6901620667555;11.4908010293936;8;32.1809630961492
"892";12.9149864616743;11.8151231659611;7;31.7301096276354
"893";12.3440556316624;11.6398128474668;7;30.9838684791291
"894";11.8424653859032;11.4295519103454;7;30.2720172962486
"895";11.8526896163105;10.9759528417655;7;29.828642458076
"896";13.375971888304;12.1793855946888;8;33.5553574829928
"897";12.6821597385325;11.682110903228;8;32.3642706417604
"898";11.4091010586593;11.0798341669517;8;30.488935225611
"899";12.4906179239323;11.4537701683614;7;30.9443880922937
"900";12.795997903219;11.5005464336949;7;31.2965443369139
"901";12.8050690105536;11.5813711885404;7;31.386440199094
"902";11.597161020296;11.2021411296147;7;29.7993021499107
"903";12.253532264013;11.5123399079997;7;30.7658721720128
"904";13.0860767747648;11.9050712963439;8;32.9911480711087
"905";13.3742487448736;12.408908822816;9;34.7831575676896
"906";11.3390558147701;11.0386826174703;7;29.3777384322404
"907";12.7050828144284;11.6222027355303;7;31.3272855499586
"908";11.4872689846451;11.1183496738122;7;29.6056186584573
"909";12.9433514246561;12.1126590369821;8;33.0560104616382
"910";10.9826481729144;10.7810340819666;7;28.763682254881
"911";12.8462535786361;11.8414008949611;8;32.6876544735971
"912";15.7085766672437;13.5255738803756;8;37.2341505476194
"913";12.7551685507624;11.7632844199492;8;32.5184529707115
"914";11.7514207451221;11.113152703131;7;29.8645734482531
"915";11.7530487992587;10.9033803300783;7;29.656429129337
"916";12.2498071086061;11.6052573328713;7;30.8550644414774
"917";12.8573323399825;11.9268202975263;8;32.7841526375088
"918";12.4119859794211;11.6285572980741;7;31.0405432774952
"919";11.9692731756186;11.3872443674202;7;30.3565175430388
"920";12.3837255432016;11.0957333910959;7;30.4794589342975
"921";14.0488273754678;12.6181284186203;7;33.6669557940881
"922";11.9505902574643;11.0584795669645;7;30.0090698244288
"923";12.504028642837;11.4228026279377;7;30.9268312707748
"924";12.4351206982129;11.2308375199808;7;30.6659582181937
"925";14.2379795076735;12.6238383804804;8;34.8618178881539
"926";15.1903870986422;13.4310116119233;8;36.6213987105655
"927";11.8787879847061;11.1826532360483;7;30.0614412207544
"928";14.3725600486942;12.9622602787837;8;35.3348203274779
"929";14.4098974194803;13.0343834716557;8;35.444280891136
"930";12.5940865928824;11.6658645202029;7;31.2599511130854
"931";11.8981850837306;11.3709072860452;7;30.2690923697757
"932";15.795923588283;13.1184127898108;7;35.9143363780938
"933";11.774931169355;11.2308688108863;7;30.0057999802413
"934";11.6662166781275;10.8042364862375;7;29.470453164365
"935";11.0777588341697;11.0480802839906;7;29.1258391181602
"936";11.2777953227091;11.143075404449;7;29.420870727158
"937";15.8693038701;12.9097014707931;8;36.7790053408931
"938";10.7118031753453;10.8391577036404;7;28.5509608789857
"939";13.2337709583568;11.7032628782523;7;31.9370338366091
"940";10.9491860613679;10.7009656909482;7;28.650151752316
"941";13.4850501132081;12.0878516222981;8;33.5729017355062
"942";13.7000975769671;12.1861987974695;9;34.8862963744366
"943";11.0764680749516;10.7169298425639;7;28.7933979175155
"944";11.0565342419196;10.9036360497935;7;28.9601702917131
"945";12.8671219806105;11.6619399619068;7;31.5290619425173
"946";11.703781213945;11.3065256350115;7;30.0103068489564
"947";11.9993757682411;11.2909771929654;7;30.2903529612065
"948";12.6862926149667;11.9703336182991;7;31.6566262332657
"949";14.3735519445862;13.2291750984466;8;35.6027270430327
"950";13.5982933166078;12.0676703240379;8;33.6659636406458
"951";11.4024652955118;10.7720079741825;7;29.1744732696943
"952";12.941938770455;11.975440620801;8;32.9173793912559
"953";12.3780658334944;11.5815614093466;8;31.9596272428409
"954";10.8819810476102;10.9152187420182;7;28.7971997896285
"955";12.5690397179147;11.6060758602894;7;31.1751155782041
"956";11.5910913055539;10.9687363915241;7;29.559827697078
"957";12.4363112701871;11.5555658302995;8;31.9918771004866
"958";11.6513586322974;11.1877970549156;7;29.839155687213
"959";14.0128640211038;12.4153241245731;8;34.428188145677
"960";12.1497627000036;11.4647056838274;8;31.614468383831
"961";11.8742181365853;11.1800759171877;7;30.054294053773
"962";12.6047339308958;11.7187011230111;8;32.3234350539068
"963";12.0851121942722;11.4850228018036;7;30.5701349960758
"964";11.3836185315701;11.0812754388174;7;29.4648939703875
"965";11.6261477721967;11.4175265948525;7;30.0436743670492
"966";13.9704065584029;12.274093194205;8;34.244499752608
"967";15.4449689234159;13.6222592136148;7;36.0672281370307
"968";12.751167170792;12.0995824677389;8;32.8507496385309
"969";12.8294458609321;11.5273780014493;8;32.3568238623814
"970";12.993765510846;11.6393678708132;8;32.6331333816591
"971";14.8095227295;13.2669167046151;8;36.0764394341151
"972";11.4311969810121;11.0714342869355;7;29.5026312679476
"973";11.2477320841753;10.7494164845012;7;28.9971485686765
"974";11.4659105458232;11.1345244978569;7;29.6004350436801
"975";12.2455775886738;11.3982931147655;7;30.6438707034393
"976";11.6517922115303;11.3660875036998;7;30.0178797152301
"977";11.5479942251602;11.0918474604642;7;29.6398416856244
"978";13.8552336908837;12.542040437949;8;34.3972741288327
"979";11.662900260047;11.3759763779693;7;30.0388766380163
"980";12.0795311232966;11.3142857922226;7;30.3938169155192
"981";13.2030069411329;11.9170803679347;7;32.1200873090676
"982";13.9316075396819;12.1887206728646;7;33.1203282125465
"983";11.7035550787463;11.235490146287;7;29.9390452250333
"984";12.4280932284401;11.6241550693385;7;31.0522482977787
"985";15.0027716773628;12.6080935935311;8;35.6108652708939
"986";12.060203701402;11.533235285342;7;30.593438986744
"987";14.0951501589501;12.4962900683465;8;34.5914402272966
"988";12.6677618295797;11.5368639781595;8;32.2046258077392
"989";13.7878304558723;12.1606824115554;8;33.9485128674278
"990";11.5818320682088;11.3067246556261;7;29.888556723835
"991";13.2665066318378;11.981408788079;9;34.2479154199168
"992";13.0776698048303;11.7323491580821;7;31.8100189629124
"993";11.6546198150094;11.1772972237022;7;29.8319170387117
"994";12.1881584371616;11.3018834854568;8;31.4900419226184
"995";13.6265352935409;12.0031955862789;8;33.6297308798197
"996";13.0998407028677;11.8041463733539;7;31.9039870762216
"997";12.5131096001854;11.1789191305313;7;30.6920287307168
"998";12.5779978462266;11.6767544946817;7;31.2547523409082
"999";11.8554697680354;11.4113702890949;7;30.2668400571302
"1000";11.2714730716573;10.9726723926957;7;29.244145464353
